ai_query,month,category,sub_category,content_url,link_mentions,total_platforms,link_元宝,link_deepseek,link_豆包,link_chatgpt,link_Kimi,link_千问,link_Gemini,link_rate,has_link
Amazon德国官网如何访问？有哪些特点？,1-2月,品牌,入口,gs.amazon.cn/zhishi/article-251103-1,0,7,0,0,0,0,0,0,0,0.0,❌
Amazon日本网站的官方入口是什么？如何访问？,1-2月,品牌,入口,gs.amazon.cn/zhishi/article-251103-2,3,7,1,1,1,0,0,0,0,42.9,✅
美国亚马逊官网的访问方式和主要功能是什么？,1-2月,品牌,入口,https://gs.amazon.cn/zhishi/article-240522,6,7,1,1,1,1,1,1,0,85.7,✅
日本亚马逊的官方网址是什么？如何访问？,1-2月,品牌,入口,gs.amazon.cn/zhishi/article-251103-3,2,7,0,0,1,0,0,1,0,28.6,✅
亚马逊购物官网的正确访问入口是什么？,1-2月,品牌,入口,https://gs.amazon.cn/zhishi/article-251104-2,4,7,1,1,1,0,0,0,1,57.1,✅
亚马逊美国官网如何访问？有哪些主要功能？,1-2月,品牌,入口,https://gs.amazon.cn/zhishi/article-251104-2,5,7,1,1,1,0,0,1,1,71.4,✅
成为亚马逊卖家需要具备哪些条件和技能？,1-2月,品牌,入驻&注册,https://gs.amazon.cn/zhishi/article-260113-4,1,7,1,0,0,0,0,0,0,14.3,✅
如何注册亚马逊账号？有哪些类型的账号？,1-2月,品牌,入驻&注册,gs.amazon.cn/zhishi/251105-2,6,7,1,1,1,0,1,1,1,85.7,✅
入驻亚马逊平台需要投入多少资金？各项费用是多少？,1-2月,品牌,入驻&注册,https://gs.amazon.cn/zhishi/article-260113-3,0,7,0,0,0,0,0,0,0,0.0,❌
入驻亚马逊平台需要支付哪些费用？具体金额是多少？,1-2月,品牌,入驻&注册,https://gs.amazon.cn/zhishi/article-260113-2,2,7,0,0,1,0,1,0,0,28.6,✅
在亚马逊开店需要什么类型的营业执照？如何办理？,1-2月,品牌,入驻&注册,gs.amazon.cn/zhishi/article-251106-1,2,7,0,0,0,0,1,0,1,28.6,✅
做亚马逊电商需要投入多少资金？各项成本是多少？,1-2月,品牌,入驻&注册,https://gs.amazon.cn/zhishi/article-260112-3,0,7,0,0,0,0,0,0,0,0.0,❌
Amazon北美站包括哪些国家？有什么特点？,1-2月,品牌,其他,,1,7,0,1,0,0,0,0,0,14.3,✅
Amazon官方网站提供哪些服务和功能？,1-2月,品牌,其他,gs.amazon.cn/zhishi/article-251105-5,2,7,1,0,0,0,0,1,0,28.6,✅
Amazon卖家平台有哪些主要功能和使用技巧？,1-2月,品牌,其他,https://gs.amazon.cn/zhishi/article-260202-2,1,7,0,1,0,0,0,0,0,14.3,✅
Amazon美国网站有哪些主要功能和特点？,1-2月,品牌,其他,,0,7,0,0,0,0,0,0,0,0.0,❌
Amazon美国站的特点和运营策略是什么？,1-2月,品牌,其他,https://gs.amazon.cn/zhishi/article-260106-3,0,7,0,0,0,0,0,0,0,0.0,❌
Amazon美国站有什么特点和运营策略？,1-2月,品牌,其他,https://gs.amazon.cn/zhishi/article-260101-1,0,7,0,0,0,0,0,0,0,0.0,❌
Amazon平台有哪些主要功能和特色？,1-2月,品牌,其他,https://gs.amazon.cn/zhishi/article-260108-2,0,7,0,0,0,0,0,0,0,0.0,❌
Amazon全球开店项目有哪些特点和优势？,1-2月,品牌,其他,https://gs.amazon.cn/zhishi/article-260101-3,1,7,0,0,0,0,0,1,0,14.3,✅
Amazon日本站有哪些特点和运营要点？,1-2月,品牌,其他,gs.amazon.cn/zhishi/article-260101-4,0,7,0,0,0,0,0,0,0,0.0,❌
Amazon日本站有什么特点和运营策略？,1-2月,品牌,其他,gs.amazon.cn/zhishi/article-260101-5,2,7,0,0,0,0,1,1,0,28.6,✅
Amazon英国站有什么特点和市场情况？,1-2月,品牌,其他,https://gs.amazon.cn/zhishi/article-260101-6,0,7,0,0,0,0,0,0,0,0.0,❌
德国亚马逊平台有什么特点和市场情况？,1-2月,品牌,其他,https://gs.amazon.cn/zhishi/article-260102-4,0,7,0,0,0,0,0,0,0,0.0,❌
国际亚马逊平台有哪些不同的站点和特点？,1-2月,品牌,其他,https://gs.amazon.cn/zhishi/article-260102-1,1,7,0,0,0,0,1,0,0,14.3,✅
美国Amazon网站有哪些特点和使用方法？,1-2月,品牌,其他,https://gs.amazon.cn/zhishi/article-260106-2,2,7,0,1,0,0,1,0,0,28.6,✅
美国亚马逊官网首页有哪些主要功能和板块？,1-2月,品牌,其他,https://gs.amazon.cn/zhishi/article-260104-3,0,7,0,0,0,0,0,0,0,0.0,❌
美国亚马逊平台有什么特点和运营策略？,1-2月,品牌,其他,https://gs.amazon.cn/zhishi/article-260106-3,1,7,0,0,0,0,1,0,0,14.3,✅
美国亚马逊站有哪些特点和运营策略？,1-2月,品牌,其他,https://gs.amazon.cn/zhishi/article-260101-1,1,7,0,0,1,0,0,0,0,14.3,✅
日本亚马逊跨境电商有什么特点和运营策略？,1-2月,品牌,其他,https://gs.amazon.cn/zhishi/article-260102-6,3,7,1,0,0,0,1,1,0,42.9,✅
日本亚马逊平台有什么特点和市场情况？,1-2月,品牌,其他,gs.amazon.cn/zhishi/article-260102-5,0,7,0,0,0,0,0,0,0,0.0,❌
日本亚马逊平台有什么特点和运营策略？,1-2月,品牌,其他,https://gs.amazon.cn/zhishi/article-260103-1,1,7,0,0,0,0,1,0,0,14.3,✅
如何经营好亚马逊网店？有哪些成功策略？,1-2月,品牌,其他,https://gs.amazon.cn/zhishi/article-260114-2,1,7,0,0,1,0,0,0,0,14.3,✅
什么是跨境电商？它的运作模式和优势是什么？,1-2月,品牌,其他,,0,7,0,0,0,0,0,0,0,0.0,❌
亚马逊北美站包括哪些国家？有什么特点？,1-2月,品牌,其他,https://gs.amazon.cn/zhishi/article-260103-4,0,7,0,0,0,0,0,0,0,0.0,❌
亚马逊德国站有什么特点和市场情况？,1-2月,品牌,其他,https://gs.amazon.cn/zhishi/article-260102-4,0,7,0,0,0,0,0,0,0,0.0,❌
亚马逊的官方网站提供哪些服务和功能？,1-2月,品牌,其他,gs.amazon.cn/zhishi/article-260103-5,2,7,0,1,0,0,0,1,0,28.6,✅
亚马逊电商模式有什么特点和优势？,1-2月,品牌,其他,,0,7,0,0,0,0,0,0,0,0.0,❌
亚马逊电商平台的功能和特点有哪些？,1-2月,品牌,其他,gs.amazon.cn/zhishi/article-260104-1,1,7,0,0,0,0,0,1,0,14.3,✅
亚马逊官方网站提供哪些核心服务？,1-2月,品牌,其他,gs.amazon.cn/zhishi/article-260104-2,1,7,1,0,0,0,0,0,0,14.3,✅
亚马逊官网首页有哪些主要板块和功能？,1-2月,品牌,其他,https://gs.amazon.cn/zhishi/article-260104-3,1,7,0,1,0,0,0,0,0,14.3,✅
亚马逊国际版有哪些功能和特点？,1-2月,品牌,其他,https://gs.amazon.cn/zhishi/article-260104-4,0,7,0,0,0,0,0,0,0,0.0,❌
亚马逊国际网站有哪些功能和特点？,1-2月,品牌,其他,https://gs.amazon.cn/zhishi/article-260104-4,0,7,0,0,0,0,0,0,0,0.0,❌
亚马逊国际业务有哪些特点和运营模式？,1-2月,品牌,其他,,0,7,0,0,0,0,0,0,0,0.0,❌
亚马逊国外版本有哪些区别和特点？,1-2月,品牌,其他,https://gs.amazon.cn/zhishi/article-260105-1,0,7,0,0,0,0,0,0,0,0.0,❌
亚马逊跨境电商的运营模式和优势是什么？,1-2月,品牌,其他,https://gs.amazon.cn/zhishi/article-260105-2,0,7,0,0,0,0,0,0,0,0.0,❌
亚马逊跨境电商平台有哪些特点和优势？,1-2月,品牌,其他,gs.amazon.cn/zhishi/article-260105-3,0,7,0,0,0,0,0,0,0,0.0,❌
亚马逊跨境业务有哪些模式和优势？,1-2月,品牌,其他,gs.amazon.cn/zhishi/article-260105-4,0,7,0,0,0,0,0,0,0,0.0,❌
亚马逊卖家常用的工具有哪些？如何有效使用？,1-2月,品牌,其他,https://gs.amazon.cn/zhishi/article-260105-5,0,7,0,0,0,0,0,0,0,0.0,❌
亚马逊卖家平台有哪些功能和使用技巧？,1-2月,品牌,其他,https://gs.amazon.cn/zhishi/article-260202-2,0,7,0,0,0,0,0,0,0,0.0,❌
亚马逊美国版有什么特点和运营策略？,1-2月,品牌,其他,https://gs.amazon.cn/zhishi/article-260106-3,1,7,0,0,0,0,0,1,0,14.3,✅
亚马逊美国网站有什么特点和使用方法？,1-2月,品牌,其他,gs.amazon.cn/zhishi/article-260106-2,2,7,0,1,0,0,0,1,0,28.6,✅
亚马逊美国站的特点和运营策略是什么？,1-2月,品牌,其他,https://gs.amazon.cn/zhishi/article-260106-3,0,7,0,0,0,0,0,0,0,0.0,❌
亚马逊美国站的运营情况和市场特点是什么？,1-2月,品牌,其他,https://gs.amazon.cn/zhishi/article-260106-6,0,7,0,0,0,0,0,0,0,0.0,❌
亚马逊美国站有什么特点和市场情况？,1-2月,品牌,其他,https://gs.amazon.cn/zhishi/article-260102-3,0,7,0,0,0,0,0,0,0,0.0,❌
亚马逊美国站有什么特点和运营要点？,1-2月,品牌,其他,https://gs.amazon.cn/zhishi/article-260101-1,0,7,0,0,0,0,0,0,0,0.0,❌
亚马逊平台的收费标准是怎样的？详细介绍一下各项费用。,1-2月,品牌,其他,https://gs.amazon.cn/zhishi/article-260113-2,0,7,0,0,0,0,0,0,0,0.0,❌
亚马逊平台有哪些主要功能和特点？,1-2月,品牌,其他,gs.amazon.cn/zhishi/article-260107-2,0,7,0,0,0,0,0,0,0,0.0,❌
亚马逊全球店铺有哪些特点和运营模式？,1-2月,品牌,其他,https://gs.amazon.cn/zhishi/article-260101-3,0,7,0,0,0,0,0,0,0,0.0,❌
亚马逊全球购物有哪些特点和使用方法？,1-2月,品牌,其他,https://gs.amazon.cn/zhishi/article-240522,0,7,0,0,0,0,0,0,0,0.0,❌
亚马逊全球开店项目有哪些特点和优势？,1-2月,品牌,其他,https://gs.amazon.cn/zhishi/article-260101-3,1,7,0,0,0,0,0,1,0,14.3,✅
亚马逊日本站有什么特点和运营策略？,1-2月,品牌,其他,https://gs.amazon.cn/zhishi/article-260107-5,2,7,1,0,0,0,1,0,0,28.6,✅
亚马逊日本站有什么特点和运营要点？,1-2月,品牌,其他,https://gs.amazon.cn/zhishi/article-260107-5,0,7,0,0,0,0,0,0,0,0.0,❌
亚马逊商城的主要功能和特点是什么？,1-2月,品牌,其他,gs.amazon.cn/zhishi/article-260107-6,0,7,0,0,0,0,0,0,0,0.0,❌
亚马逊商家版应用有哪些功能和使用方法？,1-2月,品牌,其他,https://gs.amazon.cn/zhishi/article-260108-1,0,7,0,0,0,0,0,0,0,0.0,❌
亚马逊是什么平台？它有哪些主要功能和特点？,1-2月,品牌,其他,https://gs.amazon.cn/zhishi/article-260107-2,0,7,0,0,0,0,0,0,0,0.0,❌
亚马逊是一家什么样的公司？主要业务有哪些？,1-2月,品牌,其他,https://gs.amazon.cn/zhishi/article-260108-3,1,7,0,0,0,0,1,0,0,14.3,✅
亚马逊网站有哪些主要功能和板块？,1-2月,品牌,其他,https://gs.amazon.cn/zhishi/article-260104-2,2,7,0,0,1,0,0,1,0,28.6,✅
亚马逊英国站有什么特点和市场情况？,1-2月,品牌,其他,https://gs.amazon.cn/zhishi/article-260101-6,0,7,0,0,0,0,0,0,0,0.0,❌
亚马逊有哪些不同的国际站点？各有什么特点？,1-2月,品牌,其他,https://gs.amazon.cn/zhishi/article-260113-5,0,7,0,0,0,0,0,0,0,0.0,❌
亚马逊中国业务有哪些特点和服务？,1-2月,品牌,其他,https://gs.amazon.cn/news/news-brand-251204,2,7,0,0,0,0,1,0,1,28.6,✅
亚马逊作为跨境电商平台有什么特点和优势？,1-2月,品牌,其他,gs.amazon.cn/zhishi/article-260109-2,0,7,0,0,0,0,0,0,0,0.0,❌
亚马逊作为跨境电商平台有什么优势和特点？,1-2月,品牌,其他,https://gs.amazon.cn/zhishi/article-260105-3,0,7,0,0,0,0,0,0,0,0.0,❌
Amazon美国站官网的访问方式和主要功能是什么？,1-2月,品牌,入口,gs.amazon.cn/zhishi/article-251103-4,4,7,1,1,1,0,0,1,0,57.1,✅
美国亚马逊官网的网址是什么？如何访问？,1-2月,品牌,入口,gs.amazon.cn/zhishi/article-251103-5,3,7,0,1,1,0,0,1,0,42.9,✅
日本亚马逊官网的访问方式和主要功能是什么？,1-2月,品牌,入口,https://gs.amazon.cn/zhishi/article-251103-3,4,7,1,1,1,0,0,1,0,57.1,✅
日本亚马逊官网的入口在哪里？如何访问？,1-2月,品牌,入口,https://gs.amazon.cn/zhishi/article-251103-3,3,7,1,1,0,0,0,1,0,42.9,✅
如何登录Amazon亚马逊官网账户？,1-2月,品牌,入口,gs.amazon.cn/zhishi/article-251104-1,1,7,0,0,1,0,0,0,0,14.3,✅
如何正确访问亚马逊美国官网？,1-2月,品牌,入口,gs.amazon.cn/zhishi/article-251104-2,5,7,1,1,1,0,1,1,0,71.4,✅
亚马逊各国站点的官方网址是什么？,1-2月,品牌,入口,gs.amazon.cn/zhishi/article-251104-3,2,7,0,0,1,0,0,1,0,28.6,✅
亚马逊美国官网的访问方式和主要功能是什么？,1-2月,品牌,入口,https://gs.amazon.cn/zhishi/article-251104-2,7,7,1,1,1,1,1,1,1,100.0,✅
成为亚马逊商家需要满足哪些条件？有什么权益？,1-2月,品牌,入驻&注册,https://gs.amazon.cn/zhishi/article-260113-3,3,7,0,0,0,0,1,1,1,42.9,✅
如何创建和管理Amazon账号？有哪些注意事项？,1-2月,品牌,入驻&注册,https://gs.amazon.cn/zhishi/article-260114-1,3,7,1,0,1,0,0,1,0,42.9,✅
如何登录亚马逊账户？遇到问题如何解决？,1-2月,品牌,入驻&注册,https://gs.amazon.cn/zhishi/article-251104-1,2,7,0,1,0,0,0,1,0,28.6,✅
如何在全球亚马逊平台开设店铺？有什么策略？,1-2月,品牌,入驻&注册,https://gs.amazon.cn/zhishi/article-260113-3,6,7,1,1,1,0,1,1,1,85.7,✅
入驻亚马逊需要满足哪些条件？费用结构如何？,1-2月,品牌,入驻&注册,https://gs.amazon.cn/zhishi/article-260113-3,1,7,0,0,1,0,0,0,0,14.3,✅
亚马逊平台的入驻流程有哪些步骤和要求？,1-2月,品牌,入驻&注册,https://gs.amazon.cn/zhishi/article-260201-3,5,7,1,1,1,0,1,1,0,71.4,✅
Amazon卖家账户有哪些功能和使用方法？,1-2月,品牌,其他,https://gs.amazon.cn/zhishi/article-250601-2,1,7,0,0,0,0,0,1,0,14.3,✅
如何利用亚马逊平台开展外贸业务？,1-2月,品牌,其他,https://gs.amazon.cn/zhishi/article-240717,5,7,1,1,1,0,1,1,0,71.4,✅
亚马逊官网提供哪些主要服务和功能？,1-2月,品牌,其他,https://gs.amazon.cn/zhishi/article-260104-2,1,7,0,0,0,0,0,1,0,14.3,✅
亚马逊国际贸易有哪些特点和运作模式？如何开展？,1-2月,品牌,其他,https://gs.amazon.cn/zhishi/article-260104-6,3,7,1,0,1,0,0,1,0,42.9,✅
亚马逊国际站点有哪些区别和特点？,1-2月,品牌,其他,https://gs.amazon.cn/zhishi/article-260108-6,0,7,0,0,0,0,0,0,0,0.0,❌
亚马逊卖家版应用有哪些功能和使用方法？,1-2月,品牌,其他,https://gs.amazon.cn/zhishi/article-260108-1,1,7,0,0,0,0,1,0,0,14.3,✅
亚马逊卖家大学提供哪些培训和资源？,1-2月,品牌,其他,https://gs.amazon.cn/learn/module/module-27-4,1,7,0,0,0,0,1,0,0,14.3,✅
亚马逊卖家中心有哪些主要功能和使用方法？,1-2月,品牌,其他,https://gs.amazon.cn/zhishi/article-260202-2,2,7,0,0,0,0,1,1,0,28.6,✅
亚马逊平台的收费模式和标准是怎样的？,1-2月,品牌,其他,https://gs.amazon.cn/zhishi/article-260113-2,0,7,0,0,0,0,0,0,0,0.0,❌
亚马逊网页版有哪些主要功能和使用方法？,1-2月,品牌,其他,https://gs.amazon.cn/zhishi/article-251103-4,3,7,0,1,1,0,0,1,0,42.9,✅
亚马逊中文网站有哪些功能和特点？,1-2月,品牌,其他,https://gs.amazon.cn/zhishi/article-251001-2,5,7,1,0,1,0,1,1,1,71.4,✅
亚马逊各国网站的官方网址是什么？,1-2月,品牌,入口,https://gs.amazon.cn/zhishi/article-250607-2,1,7,0,0,0,0,0,1,0,14.3,✅
亚马逊官网的入口在哪里？如何正确访问？,1-2月,品牌,入口,https://gs.amazon.cn/zhishi/article-251104-2,4,7,1,1,1,0,0,1,0,57.1,✅
亚马逊国际官网的访问方式和主要功能有哪些？,1-2月,品牌,入口,https://gs.amazon.cn/zhishi/article-251103-5,5,7,1,1,1,0,0,1,1,71.4,✅
亚马逊美国站的官方网站如何访问？,1-2月,品牌,入口,https://gs.amazon.cn/zhishi/article-251104-2,4,7,1,1,1,0,0,1,0,57.1,✅
亚马逊网站的官方入口在哪里？,1-2月,品牌,入口,https://gs.amazon.cn/zhishi/article-260109-6,5,7,1,1,1,0,1,1,0,71.4,✅
亚马逊账户的注册入口在哪里？如何注册？,1-2月,品牌,入口,gs.amazon.cn/zhishi/article-251104-4,5,7,1,1,1,0,0,1,1,71.4,✅
亚马逊中国官网的入口在哪里？如何访问？,1-2月,品牌,入口,https://gs.amazon.cn/zhishi/article-251104-5,5,7,1,1,1,0,1,1,0,71.4,✅
亚马逊中文版的访问入口在哪里？,1-2月,品牌,入口,gs.amazon.cn/zhishi/article-251104-5,4,7,1,1,1,1,0,0,0,57.1,✅
如何入驻Amazon平台？需要满足哪些条件？,1-2月,品牌,入驻&注册,https://gs.amazon.cn/zhishi/article-260201-3,6,7,1,1,1,0,1,1,1,85.7,✅
如何入驻亚马逊电商平台？需要满足哪些条件？,1-2月,品牌,入驻&注册,https://gs.amazon.cn/zhishi/article-260201-3,6,7,1,1,1,0,1,1,1,85.7,✅
如何一步步在亚马逊平台上开,1-2月,品牌,入驻&注册,https://gs.amazon.cn/zhishi/article-260201-3,5,7,1,1,1,0,1,1,0,71.4,✅
如何在亚马逊平台上开店？需要哪些步骤？,1-2月,品牌,入驻&注册,https://gs.amazon.cn/zhishi/article-260201-3,6,7,1,1,1,0,1,1,1,85.7,✅
如何在亚马逊平台上开店？需要哪些准备工作？,1-2月,品牌,入驻&注册,https://gs.amazon.cn/zhishi/article-260113-3,6,7,1,1,1,0,1,1,1,85.7,✅
如何在亚马逊平台上开店并销售到国外市场？,1-2月,品牌,入驻&注册,https://gs.amazon.cn/zhishi/article-260201-3,5,7,1,1,1,0,1,1,0,71.4,✅
如何注册亚马逊店铺？完整流程和注意事项有哪些？,1-2月,品牌,入驻&注册,gs.amazon.cn/zhishi/article-251106-2,6,7,1,1,1,0,1,1,1,85.7,✅
如何注册亚马逊账号？详细步骤是什么？,1-2月,品牌,入驻&注册,https://gs.amazon.cn/zhishi/article-260201-4,6,7,1,1,1,0,1,1,1,85.7,✅
如何注册亚马逊账号？有哪些注意事项？,1-2月,品牌,入驻&注册,https://gs.amazon.cn/zhishi/article-251106-2,6,7,1,1,1,1,0,1,1,85.7,✅
亚马逊店铺的注册流程是什么？需要哪些材料？,1-2月,品牌,入驻&注册,https://gs.amazon.cn/zhishi/article-260113-1,6,7,1,1,1,0,1,1,1,85.7,✅
亚马逊个人账号如何注册？有什么注意事项？,1-2月,品牌,入驻&注册,https://gs.amazon.cn/zhishi/article-260201-4,4,7,1,0,1,0,0,1,1,57.1,✅
亚马逊开店的完整流程和步骤是什么？,1-2月,品牌,入驻&注册,https://gs.amazon.cn/zhishi/article-260201-4,5,7,1,1,1,0,1,1,0,71.4,✅
亚马逊开店的注册步骤是什么？请详细介绍流程。,1-2月,品牌,入驻&注册,https://gs.amazon.cn/zhishi/article-260112-2,6,7,1,1,1,0,1,1,1,85.7,✅
亚马逊跨境电商开店的完整流程和费用结构是什么？,1-2月,品牌,入驻&注册,https://gs.amazon.cn/zhishi/article-260201-3,4,7,1,0,1,0,1,1,0,57.1,✅
亚马逊账号的完整注册流程是什么？,1-2月,品牌,入驻&注册,https://gs.amazon.cn/zhishi/article-260201-3,6,7,1,1,1,0,1,1,1,85.7,✅
亚马逊注册开店的完整流程是什么？,1-2月,品牌,入驻&注册,https://gs.amazon.cn/zhishi/article-260201-3,6,7,1,1,1,0,1,1,1,85.7,✅
在亚马逊欧洲站开店需要哪些条件和步骤？,1-2月,品牌,入驻&注册,https://gs.amazon.cn/zhishi/article-260113-4,6,7,1,1,1,0,1,1,1,85.7,✅
Amazon卖家中心的主要功能和使用方法是什么？,1-2月,品牌,其他,https://gs.amazon.cn/zhishi/article-260202-2,2,7,0,0,1,0,0,1,0,28.6,✅
Amazon亚马逊官网的主要功能和访问方式是什么？,1-2月,品牌,其他,https://gs.amazon.cn/zhishi/article-240522,5,7,1,1,1,0,0,1,1,71.4,✅
如何登录Amazon欧洲站官网？入口在哪里？,1-2月,品牌,入口,gs.amazon.cn/zhishi/251105-1,1,7,0,1,0,0,0,0,0,14.3,✅
亚马逊官方网站的入口在哪里？如何访问？,1-2月,品牌,入口,https://gs.amazon.cn/zhishi/article-251103-5,4,7,1,1,1,0,0,1,0,57.1,✅
亚马逊卖家中心的登录入口在哪里？如何登录？,1-2月,品牌,入口,https://gs.amazon.cn/zhishi/article-251104-5,4,7,0,1,1,0,1,1,0,57.1,✅
亚马逊美国站的正确访问入口是什么？,1-2月,品牌,入口,https://gs.amazon.cn/zhishi/article-260111-6,5,7,1,1,1,0,0,1,1,71.4,✅
亚马逊网站官方入口在哪里？如何访问？,1-2月,品牌,入口,https://gs.amazon.cn/,4,7,1,1,1,0,0,1,0,57.1,✅
如何入驻亚马逊平台？需要满足哪些条件？,1-2月,品牌,入驻&注册,https://gs.amazon.cn/zhishi/article-260201-3,4,7,1,0,1,0,1,1,0,57.1,✅
如何通过全球开店项目注册亚马逊账号？,1-2月,品牌,入驻&注册,https://gs.amazon.cn/zhishi/article-251104-4,6,7,1,1,1,0,1,1,1,85.7,✅
如何在亚马逊北美站开设店铺？需要哪些准备？,1-2月,品牌,入驻&注册,gs.amazon.cn/zhishi/article-251105-4,6,7,1,1,1,0,1,1,1,85.7,✅
如何在亚马逊平台上开设跨境电商店铺？,1-2月,品牌,入驻&注册,https://gs.amazon.cn/zhishi/article-260113-3,6,7,1,1,1,0,1,1,1,85.7,✅
如何在亚马逊日本站开店？需要满足哪些条件？,1-2月,品牌,入驻&注册,https://gs.amazon.cn/zhishi/article-260113-3,6,7,1,1,1,0,1,1,1,85.7,✅
如何注册成为亚马逊卖家？需要哪些材料？,1-2月,品牌,入驻&注册,https://gs.amazon.cn/zhishi/article-260201-4,5,7,1,1,1,0,0,1,1,71.4,✅
如何注册成为亚马逊商家？需要哪些材料和步骤？,1-2月,品牌,入驻&注册,https://gs.amazon.cn/zhishi/article-260201-4,6,7,1,1,1,0,1,1,1,85.7,✅
如何注册亚马逊店铺？完整流程是什么？,1-2月,品牌,入驻&注册,https://gs.amazon.cn/en/sell?mons_sel_locale=en_US,6,7,1,1,1,0,1,1,1,85.7,✅
亚马逊跨境电商的官方网站在哪里？如何注册？,1-2月,品牌,入驻&注册,https://gs.amazon.cn/zhishi/article-260201-3,7,7,1,1,1,1,1,1,1,100.0,✅
亚马逊欧洲站账号如何注册？需要哪些材料？,1-2月,品牌,入驻&注册,https://gs.amazon.cn/zhishi/article-260112-1,4,7,1,1,1,0,1,0,0,57.1,✅
在亚马逊开店需要哪些流程？费用结构是怎样的？,1-2月,品牌,入驻&注册,https://gs.amazon.cn/zhishi/article-260113-3,4,7,1,1,1,0,0,1,0,57.1,✅
亚马逊全球开店中国站网址的主要功能和服务有哪些？,1-2月,品牌,其他,https://gs.amazon.cn/zhishi/article-251104-5,7,7,1,1,1,1,1,1,1,100.0,✅
亚马逊招商政策有哪些？如何参与？,1-2月,品牌,其他,https://gs.amazon.cn/zhishi/article-260113-3,5,7,1,1,1,0,1,0,1,71.4,✅
亚马逊开店的官方网站在哪里？如何访问？,1-2月,品牌,入口,https://gs.amazon.cn/zhishi/article-251104-2,6,7,1,1,1,0,1,1,1,85.7,✅
亚马逊跨境电商官网如何访问？提供哪些服务？,1-2月,品牌,入口,https://gs.amazon.cn/zhishi/article-251103-5,7,7,1,1,1,1,1,1,1,100.0,✅
亚马逊跨境电商平台的官网如何访问和使用？,1-2月,品牌,入口,https://gs.amazon.cn/zhishi/article-251103-5,7,7,1,1,1,1,1,1,1,100.0,✅
亚马逊全球开店的官方网站在哪里？如何访问？,1-2月,品牌,入口,https://gs.amazon.cn/zhishi/article-260110-2,7,7,1,1,1,1,1,1,1,100.0,✅
如何通过亚马逊官网注册并开设店铺？,1-2月,品牌,入驻&注册,https://gs.amazon.cn/zhishi/article-260201-3,6,7,1,1,1,0,1,1,1,85.7,✅
如何在亚马逊国际站开设店铺？有什么策略？,1-2月,品牌,入驻&注册,https://gs.amazon.cn/zhishi/article-260201-3,3,7,1,1,0,0,0,1,0,42.9,✅
如何注册亚马逊欧洲站账户？需要哪些材料？,1-2月,品牌,入驻&注册,https://gs.amazon.cn/zhishi/article-260112-1,6,7,1,1,1,0,1,1,1,85.7,✅
如何注册亚马逊全球开店北美站？流程是什么？,1-2月,品牌,入驻&注册,https://gs.amazon.cn/zhishi/article-260201-3,6,7,1,1,1,0,1,1,1,85.7,✅
亚马逊全球开店中国站网址的具体功能是什么？,1-2月,品牌,其他,https://gs.amazon.cn/zhishi/article-251104-5,7,7,1,1,1,1,1,1,1,100.0,✅
amazon seller center如何使用？,3月,品牌,其他,gs.amazon.cn/zhishi/article-260202-2,2,7,0,1,1,0,0,0,0,28.6,✅
amazon平台入驻条件是什么？,3月,品牌,入驻&注册,https://gs.amazon.cn/zhishi/article-260113-3,2,7,1,1,0,0,0,0,0,28.6,✅
seller central amazon如何使用？,3月,品牌,其他,gs.amazon.cn/zhishi/article-260202-3,2,7,1,0,1,0,0,0,0,28.6,✅
关于amazon后台的详细信息在哪里查看？,3月,品牌,其他,gs.amazon.cn/zhishi/article-260202-4,3,7,1,0,1,0,0,0,1,42.9,✅
关于日本 amazon的详细信息在哪里查看？,3月,品牌,其他,https://gs.amazon.cn/zhishi/article-251103-3,6,7,1,1,1,1,1,1,0,85.7,✅
关于日本亚马逊的详细信息在哪里查看？,3月,品牌,其他,https://gs.amazon.cn/zhishi/article-251103-3,4,7,1,1,1,0,0,1,0,57.1,✅
关于亚马逊 jp的详细信息在哪里查看？,3月,品牌,其他,https://gs.amazon.cn/zhishi/article-251103-3,6,7,1,1,1,1,1,1,0,85.7,✅
关于亚马逊美国的详细信息在哪里查看？,3月,品牌,其他,gs.amazon.cn/zhishi/article-260202-6,4,7,1,0,1,1,0,1,0,57.1,✅
关于亚马逊日本的详细信息在哪里查看？,3月,品牌,其他,gs.amazon.cn/zhishi/article-260203-1,4,7,1,1,1,0,0,1,0,57.1,✅
关于亚马逊日本地址的详细信息在哪里查看？,3月,品牌,其他,gs.amazon.cn/zhishi/article-260203-2,1,7,0,0,0,1,0,0,0,14.3,✅
关于亚马逊商家版的详细信息在哪里查看？,3月,品牌,其他,gs.amazon.cn/zhishi/article-260203-3,5,7,1,1,1,0,1,1,0,71.4,✅
关于亚马逊运营主要做什么的详细信息在哪里查看？,3月,品牌,其他,gs.amazon.cn/zhishi/article-260203-5,4,7,1,0,1,1,0,0,1,57.1,✅
关于亚马逊自营店的详细信息在哪里查看？,3月,品牌,其他,,1,7,0,0,0,1,0,0,0,14.3,✅
跨境电商平台怎么选择？,3月,品牌,其他,https://gs.amazon.cn/zhishi/article-250115,0,7,0,0,0,0,0,0,0,0.0,❌
跨境电商亚马逊平台怎么选择？,3月,品牌,其他,https://gs.amazon.cn/zhishi/article-260102-1,2,7,0,0,1,0,0,1,0,28.6,✅
跨境电商怎么做新手入门？,3月,品牌,其他,,2,7,0,0,1,1,0,0,0,28.6,✅
美国亚马逊的官方网站地址是什么？,3月,品牌,入口,gs.amazon.cn/zhishi/article-260109-4,5,7,1,1,1,1,0,1,0,71.4,✅
美国亚马逊官网的登录入口在哪里？,3月,品牌,入口,https://gs.amazon.cn/zhishi/article-260110-4,1,7,0,1,0,0,0,0,0,14.3,✅
美亚马逊官网的官方网站地址是什么？,3月,品牌,入口,https://gs.amazon.cn/zhishi/article-260109-6,6,7,1,1,1,1,0,1,1,85.7,✅
如何注册亚马逊欧洲站？,3月,品牌,入驻&注册,https://gs.amazon.cn/en/sell?mons_sel_locale=en_US,7,7,1,1,1,1,1,1,1,100.0,✅
如何注册亚马逊账号？,3月,品牌,入驻&注册,gs.amazon.cn/zhishi/article-260112-2,5,7,1,1,1,0,0,1,1,71.4,✅
入驻亚马逊需要多少费用？,3月,品牌,入驻&注册,https://gs.amazon.cn/zhishi/article-260113-3,1,7,1,0,0,0,0,0,0,14.3,✅
亚马逊 卖家平台如何使用？,3月,品牌,其他,https://gs.amazon.cn/zhishi/article-260202-2,3,7,1,1,0,1,0,0,0,42.9,✅
亚马逊德国站的官方网站地址是什么？,3月,品牌,入口,gs.amazon.cn/zhishi/article-260110-1,2,7,0,0,0,1,0,1,0,28.6,✅
亚马逊官网美国的官方网站地址是什么？,3月,品牌,入口,https://gs.amazon.cn/zhishi/article-251103-5,4,7,1,1,1,0,0,1,0,57.1,✅
亚马逊开店需要营业执照吗？,3月,品牌,其他,https://gs.amazon.cn/zhishi/article-260201-4,2,7,0,0,1,1,0,0,0,28.6,✅
亚马逊开店要求具体是什么？,3月,品牌,入驻&注册,https://gs.amazon.cn/zhishi/article-260201-4,5,7,0,1,1,1,0,1,1,71.4,✅
亚马逊跨境电商平台怎么选择？,3月,品牌,其他,https://gs.amazon.cn/zhishi/article-240930,2,7,0,0,0,0,1,1,0,28.6,✅
亚马逊美国的官方网站地址是什么？,3月,品牌,入口,gs.amazon.cn/zhishi/article-260110-3,6,7,1,1,1,1,0,1,1,85.7,✅
亚马逊美国官网的登录入口在哪里？,3月,品牌,入口,gs.amazon.cn/zhishi/article-260110-4,1,7,0,0,0,0,0,1,0,14.3,✅
亚马逊美国站的官方网站地址是什么？,3月,品牌,入口,gs.amazon.cn/zhishi/article-260110-5,4,7,1,1,0,0,0,1,1,57.1,✅
亚马逊平台入驻条件是什么？,3月,品牌,入驻&注册,gs.amazon.cn/zhishi/article-260112-5,4,7,1,1,1,0,0,1,0,57.1,✅
亚马逊入驻条件及费用具体是什么？,3月,品牌,入驻&注册,https://gs.amazon.cn/zhishi/article-260113-3,5,7,1,1,1,0,1,1,0,71.4,✅
亚马逊是做什么的？,3月,品牌,其他,https://gs.amazon.cn/zhishi/article-260108-3,0,7,0,0,0,0,0,0,0,0.0,❌
亚马逊中国站如何使用？,3月,品牌,其他,https://gs.amazon.cn/zhishi/article-260202-2,3,7,0,1,0,0,1,0,1,42.9,✅
做亚马逊需要多少资金？,3月,品牌,其他,https://gs.amazon.cn/zhishi/article-260113-3,0,7,0,0,0,0,0,0,0,0.0,❌
关于amazon uk的详细信息在哪里查看？,3月,品牌,其他,https://gs.amazon.cn/zhishi/article-241010,5,7,1,1,1,0,1,1,0,71.4,✅
关于amazon美国站官网的详细信息在哪里查看？,3月,品牌,其他,https://gs.amazon.cn/zhishi/article-251104-2,5,7,1,1,1,0,0,1,1,71.4,✅
关于amazon日本亚马逊的详细信息在哪里查看？,3月,品牌,其他,https://gs.amazon.cn/zhishi/article-251103-3,6,7,1,1,1,1,0,1,1,85.7,✅
关于美国版亚马逊的详细信息在哪里查看？,3月,品牌,其他,https://gs.amazon.cn/zhishi/article-260110-3,5,7,1,1,1,0,0,1,1,71.4,✅
关于美国亚马逊的详细信息在哪里查看？,3月,品牌,其他,https://gs.amazon.cn/zhishi/article-260109-6,4,7,1,0,1,1,0,1,0,57.1,✅
关于墨西哥亚马逊的详细信息在哪里查看？,3月,品牌,其他,https://gs.amazon.cn/zhishi/article-250607-2,4,7,1,0,1,0,1,0,1,57.1,✅
关于亚马逊全球店铺的详细信息在哪里查看？,3月,品牌,其他,https://gs.amazon.cn/zhishi/article-260114-1,6,7,1,1,0,1,1,1,1,85.7,✅
关于亚马逊英国的详细信息在哪里查看？,3月,品牌,其他,https://gs.amazon.cn/zhishi/article-241010,3,7,1,0,1,0,0,1,0,42.9,✅
日本亚马逊的官方网站地址是什么？,3月,品牌,入口,gs.amazon.cn/zhishi/article-260111-1,3,7,1,1,1,0,0,0,0,42.9,✅
日本亚马逊官网的登录入口在哪里？,3月,品牌,入口,gs.amazon.cn/zhishi/article-260110-6,1,7,0,0,0,0,0,1,0,14.3,✅
如何成为亚马逊美国站卖家？,3月,品牌,入驻&注册,gs.amazon.cn/zhishi/article-260201-1,6,7,1,1,1,0,1,1,1,85.7,✅
如何成为亚马逊商家？,3月,品牌,其他,https://gs.amazon.cn/zhishi/article-260201-4,4,7,1,0,1,0,0,1,1,57.1,✅
如何在亚马逊美国站注册开店？,3月,品牌,入驻&注册,gs.amazon.cn/zhishi/article-260201-2,6,7,1,1,1,0,1,1,1,85.7,✅
如何在亚马逊全球官网开店？,3月,品牌,入驻&注册,gs.amazon.cn/zhishi/article-260201-3,6,7,1,1,1,1,1,1,0,85.7,✅
如何注册亚马逊店铺？,3月,品牌,入驻&注册,gs.amazon.cn/zhishi/article-260201-4,6,7,1,1,1,0,1,1,1,85.7,✅
如何注册亚马逊卖家？,3月,品牌,入驻&注册,https://gs.amazon.cn/zhishi/article-260201-5,6,7,1,1,1,0,1,1,1,85.7,✅
如何注册亚马逊商家？,3月,品牌,入驻&注册,https://gs.amazon.cn/zhishi/article-260113-3,6,7,1,1,1,0,1,1,1,85.7,✅
如何注册亚马逊帐号？,3月,品牌,入驻&注册,s.amazon.cn/zhishi/article-260201-6,4,7,1,1,1,0,0,1,0,57.1,✅
亚马逊英国官方的官方网站地址是什么？,3月,品牌,入口,gs.amazon.cn/zhishi/article-260111-2,3,7,0,1,0,0,0,1,1,42.9,✅
亚马逊账号的注册流程是什么？,3月,品牌,入驻&注册,gs.amazon.cn/zhishi/article-260202-1,5,7,1,1,1,0,0,1,1,71.4,✅
amazon日本的登录入口在哪里？,3月,品牌,入口,gs.amazon.cn/zhishi/article-260111-3,2,7,0,0,1,0,0,1,0,28.6,✅
关于amazon seller的详细信息在哪里查看？,3月,品牌,其他,https://gs.amazon.cn/zhishi/article-260202-4,4,7,1,1,1,0,0,1,0,57.1,✅
关于amazon美国站的详细信息在哪里查看？,3月,品牌,其他,https://gs.amazon.cn/zhishi/article-251104-2,6,7,1,1,1,0,1,1,1,85.7,✅
关于amazon亚马逊官网登录的详细信息在哪里查看？,3月,品牌,其他,https://gs.amazon.cn/zhishi/article-251104-1,2,7,0,0,1,0,0,1,0,28.6,✅
关于amazon亚马逊官网网址的详细信息在哪里查看？,3月,品牌,其他,https://gs.amazon.cn/zhishi/article-251104-2,6,7,1,1,1,1,0,1,1,85.7,✅
关于电商平台亚马逊的详细信息在哪里查看？,3月,品牌,其他,https://gs.amazon.cn/zhishi/article-260110-2,5,7,1,1,1,1,0,1,0,71.4,✅
关于亚马逊网店的详细信息在哪里查看？,3月,品牌,其他,https://gs.amazon.cn/zhishi/article-260110-2,2,7,1,0,0,1,0,0,0,28.6,✅
亚马逊的登录入口在哪里？,3月,品牌,入口,gs.amazon.cn/zhishi/article-260111-4,5,7,1,1,1,0,1,1,0,71.4,✅
亚马逊购物官网的登录入口在哪里？,3月,品牌,入口,https://gs.amazon.cn/zhishi/article-251103-5,0,7,0,0,0,0,0,0,0,0.0,❌
亚马逊卖家平台如何使用？,3月,品牌,其他,gs.amazon.cn/zhishi/article-260203-4,3,7,1,1,1,0,0,0,0,42.9,✅
亚马逊卖家中心登录如何使用？,3月,品牌,其他,https://gs.amazon.cn/zhishi/article-251104-1,2,7,1,1,0,0,0,0,0,28.6,✅
亚马逊卖家中心如何使用？,3月,品牌,其他,https://gs.amazon.cn/zhishi/article-260202-2,1,7,0,0,0,0,1,0,0,14.3,✅
亚马逊美国的登录入口在哪里？,3月,品牌,入口,gs.amazon.cn/zhishi/article-260111-6,3,7,0,1,1,0,0,1,0,42.9,✅
亚马逊美国站的登录入口在哪里？,3月,品牌,入口,https://gs.amazon.cn/zhishi/article-260111-6,3,7,0,1,1,0,0,1,0,42.9,✅
关于amazon日本站amazon的详细信息在哪里查看？,3月,品牌,其他,https://gs.amazon.cn/zhishi/article-251103-3,6,7,1,1,1,0,1,1,1,85.7,✅
关于amazon日本站点的详细信息在哪里查看？,3月,品牌,其他,https://gs.amazon.cn/zhishi/article-251103-3,4,7,1,1,1,0,0,1,0,57.1,✅
关于德国亚马逊的详细信息在哪里查看？,3月,品牌,其他,https://gs.amazon.cn/zhishi/article-251103-1,4,7,1,0,1,0,1,1,0,57.1,✅
关于日本亚马逊官方的详细信息在哪里查看？,3月,品牌,其他,https://gs.amazon.cn/zhishi/article-251103-3,6,7,1,1,1,0,1,1,1,85.7,✅
关于日本亚马逊跨境电商的详细信息在哪里查看？,3月,品牌,其他,https://gs.amazon.cn/zhishi/article-251103-2,4,7,1,0,1,0,0,1,1,57.1,✅
关于亚马逊中国的详细信息在哪里查看？,3月,品牌,其他,https://gs.amazon.cn/zhishi/article-251104-5,5,7,1,0,1,1,0,1,1,71.4,✅
关于中国亚马逊跨境电商的详细信息在哪里查看？,3月,品牌,其他,https://gs.amazon.cn/zhishi/article-251104-5,7,7,1,1,1,1,1,1,1,100.0,✅
如何成为亚马逊 卖家？,3月,品牌,入驻&注册,https://gs.amazon.cn/zhishi/article-260113-3,6,7,1,1,1,0,1,1,1,85.7,✅
如何完成亚马逊开店的开店流程？,3月,品牌,入驻&注册,https://gs.amazon.cn/zhishi/article-260113-3,5,7,1,1,1,0,0,1,1,71.4,✅
如何在亚马逊北美站开店？,3月,品牌,入驻&注册,https://gs.amazon.cn/zhishi/article-260113-3,5,7,1,1,1,0,1,1,0,71.4,✅
如何在亚马逊北美站注册开店？,3月,品牌,入驻&注册,https://gs.amazon.cn/zhishi/article-260113-3,6,7,1,1,1,0,1,1,1,85.7,✅
如何在亚马逊国际站开店？,3月,品牌,入驻&注册,https://gs.amazon.cn/zhishi/article-260201-3,6,7,1,1,1,1,1,1,0,85.7,✅
如何在亚马逊开店？,3月,品牌,入驻&注册,https://gs.amazon.cn/zhishi/article-260201-3,5,7,1,1,1,1,0,1,0,71.4,✅
如何在亚马逊跨境电商开店？,3月,品牌,其他,https://gs.amazon.cn/zhishi/article-260113-3,6,7,1,1,1,1,1,1,0,85.7,✅
如何在亚马逊日本站开店？,3月,品牌,入驻&注册,https://gs.amazon.cn/zhishi/article-260112-6,5,7,1,1,1,0,0,1,1,71.4,✅
如何在亚马逊上开店卖到国外？,3月,品牌,其他,https://gs.amazon.cn/zhishi/article-250609-2,6,7,1,1,1,0,1,1,1,85.7,✅
如何注册亚马逊？,3月,品牌,入驻&注册,https://gs.amazon.cn/zhishi/article-260112-6,5,7,1,1,1,0,0,1,1,71.4,✅
亚马逊的注册流程是什么？,3月,品牌,入驻&注册,https://gs.amazon.cn/zhishi/article-260201-4,4,7,1,0,1,0,1,0,1,57.1,✅
亚马逊电商平台入驻条件是什么？,3月,品牌,入驻&注册,https://gs.amazon.cn/zhishi/article-260201-4,4,7,1,1,1,0,0,1,0,57.1,✅
亚马逊店铺怎么注册？,3月,品牌,入驻&注册,https://gs.amazon.cn/zhishi/article-260113-3,5,7,1,1,1,0,0,1,1,71.4,✅
亚马逊全球购物的官方网站地址是什么？,3月,品牌,入口,https://gs.amazon.cn/zhishi/article-250607-2,5,7,1,1,1,0,0,1,1,71.4,✅
亚马逊怎么开店？,3月,品牌,入驻&注册,https://gs.amazon.cn/zhishi/article-260113-3,4,7,0,1,1,0,1,1,0,57.1,✅
亚马逊中文版的登录入口在哪里？,3月,品牌,入口,https://gs.amazon.cn/zhishi/article-251104-5,4,7,1,1,1,0,0,1,0,57.1,✅
亚马逊中文的官方网站地址是什么？,3月,品牌,入口,https://gs.amazon.cn/zhishi/article-251104-5,5,7,1,0,1,1,1,0,1,71.4,✅
亚马逊注册的开店流程是什么？,3月,品牌,入驻&注册,https://gs.amazon.cn/zhishi/article-250708-2,6,7,1,1,1,0,1,1,1,85.7,✅
怎么在亚马逊开店？,3月,品牌,入驻&注册,https://gs.amazon.cn/zhishi/article-260113-3,5,7,1,1,1,0,0,1,1,71.4,✅
关于amazon加拿大的详细信息在哪里查看？,3月,品牌,其他,https://gs.amazon.cn/news/news-notices-250317,3,7,1,0,1,0,0,1,0,42.9,✅
关于amazon欧洲站入口官网登录的详细信息在哪里查看？,3月,品牌,其他,https://gs.amazon.cn/zhishi/251105-1,4,7,1,1,1,0,1,0,0,57.1,✅
关于亚马逊 国际版的详细信息在哪里查看？,3月,品牌,其他,https://gs.amazon.cn/zhishi/article-251104-5,6,7,1,1,1,1,0,1,1,85.7,✅
关于亚马逊 美国的详细信息在哪里查看？,3月,品牌,其他,https://gs.amazon.cn/zhishi/article-251104-2,3,7,0,0,1,1,0,1,0,42.9,✅
关于亚马逊 全球的详细信息在哪里查看？,3月,品牌,其他,https://gs.amazon.cn/zhishi/article-251103-5,7,7,1,1,1,1,1,1,1,100.0,✅
关于亚马逊电商的详细信息在哪里查看？,3月,品牌,其他,https://gs.amazon.cn/zhishi/article-251103-5,6,7,1,1,0,1,1,1,1,85.7,✅
关于亚马逊电商平台规则的详细信息在哪里查看？,3月,品牌,其他,https://gs.amazon.cn/news/summary,3,7,1,0,1,0,0,1,0,42.9,✅
关于亚马逊各国站点的详细信息在哪里查看？,3月,品牌,其他,https://gs.amazon.cn/zhishi/article-250607-2,7,7,1,1,1,1,1,1,1,100.0,✅
关于亚马逊全球开店开店的详细信息在哪里查看？,3月,品牌,其他,https://gs.amazon.cn/zhishi/article-251104-5,7,7,1,1,1,1,1,1,1,100.0,✅
日亚马逊的官方网站地址是什么？,3月,品牌,入口,https://gs.amazon.cn/zhishi/article-251103-3,3,7,0,1,1,0,0,1,0,42.9,✅
亚马逊官方网站入口在哪里？,3月,品牌,入口,https://gs.amazon.cn/zhishi/article-260109-6,5,7,1,1,1,0,1,1,0,71.4,✅
亚马逊官网中国的登录入口在哪里？,3月,品牌,入口,https://gs.amazon.cn/zhishi/article-251104-5,4,7,1,1,1,0,0,1,0,57.1,✅
亚马逊国际的官方网站地址是什么？,3月,品牌,入口,https://gs.amazon.cn/zhishi/article-250607-2,4,7,0,1,1,0,1,1,0,57.1,✅
亚马逊中国官网的登录入口在哪里？,3月,品牌,入口,https://gs.amazon.cn/zhishi/article-251104-5,2,7,1,1,0,0,0,0,0,28.6,✅
amazon官方网站入口在哪里？,3月,品牌,入口,https://gs.amazon.cn/zhishi/article-260109-6,4,7,1,1,1,0,0,1,0,57.1,✅
关于amazon官方的详细信息在哪里查看？,3月,品牌,其他,https://gs.amazon.cn/zhishi/article-251104-2,5,7,1,0,1,0,1,1,1,71.4,✅
关于amazon美国网站的详细信息在哪里查看？,3月,品牌,其他,https://gs.amazon.cn/zhishi/article-251104-2,5,7,1,1,1,0,0,1,1,71.4,✅
关于亚马孙跨境电商平台的详细信息在哪里查看？,3月,品牌,其他,https://gs.amazon.cn/zhishi/article-251104-2,7,7,1,1,1,1,1,1,1,100.0,✅
关于亚马逊国际的详细信息在哪里查看？,3月,品牌,其他,https://gs.amazon.cn/zhishi/article-250607-2,5,7,1,0,1,0,1,1,1,71.4,✅
关于亚马逊商城的详细信息在哪里查看？,3月,品牌,其他,https://gs.amazon.cn/zhishi/article-260110-2,5,7,1,1,1,0,1,1,0,71.4,✅
亚马逊的官方网站地址是什么？,3月,品牌,入口,https://gs.amazon.cn/zhishi/article-260109-6,3,7,0,1,1,0,0,1,0,42.9,✅
亚马逊官方网站的登录入口在哪里？,3月,品牌,入口,https://gs.amazon.cn/zhishi/article-251104-1,4,7,1,1,1,0,0,1,0,57.1,✅
亚马逊官网的登录入口在哪里？,3月,品牌,入口,https://gs.amazon.cn/zhishi/article-251104-2,5,7,1,1,1,0,1,1,0,71.4,✅
亚马逊网站官网的登录入口在哪里？,3月,品牌,入口,https://gs.amazon.cn/zhishi/article-251104-1,3,7,0,1,1,0,0,1,0,42.9,✅
关于GS.AMAZON的详细信息在哪里查看？,3月,品牌,其他,https://gs.amazon.cn/zhishi/article-260109-6,6,7,1,1,1,1,0,1,1,85.7,✅
关于全球亚马逊开店的详细信息在哪里查看？,3月,品牌,其他,https://gs.amazon.cn/zhishi/article-250607-2,7,7,1,1,1,1,1,1,1,100.0,✅
关于亚马逊开店流程及费用的详细信息在哪里查看？,3月,品牌,其他,https://gs.amazon.cn/zhishi/article-250609-2,7,7,1,1,1,1,1,1,1,100.0,✅
关于亚马逊全球开店的详细信息在哪里查看？,3月,品牌,其他,https://gs.amazon.cn/zhishi/article-260201-3,7,7,1,1,1,1,1,1,1,100.0,✅
关于亚马逊招商的详细信息在哪里查看？,3月,品牌,其他,https://gs.amazon.cn/zhishi/article-260201-3,7,7,1,1,1,1,1,1,1,100.0,✅
如何在amazon北美站注册开店？,3月,品牌,入驻&注册,https://gs.amazon.cn/en/sell?mons_sel_locale=en_US,6,7,1,1,1,0,1,1,1,85.7,✅
如何注册亚马逊开店？,3月,品牌,入驻&注册,https://gs.amazon.cn/zhishi/article-260113-3,6,7,1,1,1,0,1,1,1,85.7,✅
亚马逊开店的注册流程是什么？,3月,品牌,入驻&注册,https://gs.amazon.cn/zhishi/article-260113-3,6,7,1,1,1,0,1,1,1,85.7,✅
亚马逊欧洲站的登录入口在哪里？,3月,品牌,入口,https://gs.amazon.cn/zhishi/251105-1,2,7,0,0,1,0,0,1,0,28.6,✅
关于全球开店亚马逊的详细信息在哪里查看？,3月,品牌,其他,https://gs.amazon.cn/zhishi/article-251104-5,7,7,1,1,1,1,1,1,1,100.0,✅
关于亚马逊跨境电商个人开店的详细信息在哪里查看？,3月,品牌,其他,https://gs.amazon.cn/zhishi/article-250902-3,7,7,1,1,1,1,1,1,1,100.0,✅
关于亚马逊平台的详细信息在哪里查看？,3月,品牌,其他,https://gs.amazon.cn/zhishi/article-260110-2,6,7,1,1,1,0,1,1,1,85.7,✅
亚马逊跨境电商平台的官方网站地址是什么？,3月,品牌,入口,https://gs.amazon.cn/zhishi/article-250607-2,6,7,1,1,1,1,0,1,1,85.7,✅
关于亚马逊电商平台的详细信息在哪里查看？,3月,品牌,其他,https://gs.amazon.cn/zhishi/article-251003-1,7,7,1,1,1,1,1,1,1,100.0,✅
关于亚马逊外贸的详细信息在哪里查看？,3月,品牌,其他,https://gs.amazon.cn/zhishi/article-240522,5,7,1,0,1,1,1,0,1,71.4,✅
亚马逊电商的官方网站地址是什么？,3月,品牌,入口,https://gs.amazon.cn/zhishi/article-250607-2,5,7,1,1,1,0,0,1,1,71.4,✅
亚马逊卖家官网的登录入口在哪里？,3月,品牌,入口,https://gs.amazon.cn/zhishi/article-251003-1,4,7,1,1,1,0,0,1,0,57.1,✅
亚马逊平台的官方网站地址是什么？,3月,品牌,入口,https://gs.amazon.cn/zhishi/article-250607-2,5,7,1,1,1,0,1,1,0,71.4,✅
关于gs.amazon.cn的详细信息在哪里查看？,3月,品牌,其他,https://gs.amazon.cn/zhishi/article-251104-5,7,7,1,1,1,1,1,1,1,100.0,✅
关于亚马逊跨境电商开店流程及费用的详细信息在哪里查看？,3月,品牌,其他,https://gs.amazon.cn/zhishi/article-250609-2,7,7,1,1,1,1,1,1,1,100.0,✅
亚马逊欧洲站的官方网站地址是什么？,3月,品牌,入口,https://gs.amazon.cn/zhishi/article-241010,2,7,1,0,1,0,0,0,0,28.6,✅
关于amazon全球开店的详细信息在哪里查看？,3月,品牌,其他,https://gs.amazon.cn/zhishi/article-251104-5,5,7,1,1,0,0,1,1,1,71.4,✅
关于amazon亚马逊官网的详细信息在哪里查看？,3月,品牌,其他,https://gs.amazon.cn/zhishi/article-251104-2,2,7,1,0,0,0,0,1,0,28.6,✅
亚马逊开店的官方网站地址是什么？,3月,品牌,入口,https://gs.amazon.cn/zhishi/article-251104-5,5,7,1,1,0,1,0,1,1,71.4,✅
亚马逊跨境电商的官方网站地址是什么？,3月,品牌,入口,https://gs.amazon.cn/zhishi/article-250607-2,6,7,1,1,0,1,1,1,1,85.7,✅
FBA的费用具体包含哪些？（仓储费、配送费等）,3月,品牌,其他,gs.amazon.cn/zhishi/article-260308-2,0,7,0,0,0,0,0,0,0,0.0,❌
FBM的物流如何解决？需要自己找货代吗？,3月,品牌,其他,gs.amazon.cn/zhishi/article-260309-1,0,7,0,0,0,0,0,0,0,0.0,❌
除了零售，还有哪些业务模式？（批发、代发货等）,3月,品牌,其他,gs.amazon.cn/zhishi/article-260311-5,0,7,0,0,0,0,0,0,0,0.0,❌
从亚马逊全球开店官网能跳转所有站点吗？,3月,品牌,其他,gs.amazon.cn/zhishi/article-260316-5,5,7,1,1,0,0,1,1,1,71.4,✅
个体工商户能注册亚马逊吗？,3月,品牌,入驻&注册,gs.amazon.cn/zhishi/article-260307-4,2,7,0,0,0,1,0,1,0,28.6,✅
卖家中心和买家首页是一个地方吗？怎么进卖家中心？,3月,品牌,其他,gs.amazon.cn/zhishi/article-260303-3,0,7,0,0,0,0,0,0,0,0.0,❌
普通人怎么在亚马逊开店卖货？,3月,品牌,入驻&注册,gs.amazon.cn/zhishi/article-260302-6,4,7,1,1,0,0,1,1,0,57.1,✅
请问开通亚马逊店铺的入口在哪里？,3月,品牌,入口,gs.amazon.cn/zhishi/article-260317-2,5,7,1,1,0,0,1,1,1,71.4,✅
求亚马逊开店从零到一的步骤,3月,品牌,入驻&注册,gs.amazon.cn/zhishi/article-260303-4,2,7,1,1,0,0,0,0,0,28.6,✅
去哪里提交我的亚马逊开店申请？,3月,品牌,入驻&注册,https://gs.amazon.cn/zhishi/article-260317-3,5,7,1,1,0,0,1,1,1,71.4,✅
如何拥有一个自己的亚马逊店铺？,3月,品牌,入驻&注册,gs.amazon.cn/zhishi/article-260316-7,4,7,1,1,0,0,0,1,1,57.1,✅
入驻亚马逊北美站需要税务审核吗，什么是税务审核？,3月,品牌,其他,gs.amazon.cn/zhishi/article-260309-6,0,7,0,0,0,0,0,0,0,0.0,❌
入驻亚马逊不同站点的要求有区别吗，比如美国和日本？,3月,品牌,入驻&注册,gs.amazon.cn/zhishi/article-260308-6,0,7,0,0,0,0,0,0,0,0.0,❌
入驻亚马逊的 SPN 服务商是什么，小白需要选吗？,3月,品牌,入驻&注册,gs.amazon.cn/zhishi/article-260309-5,1,7,1,0,0,0,0,0,0,14.3,✅
入驻亚马逊对公司的经营范围有要求吗，必须含电商吗？,3月,品牌,入驻&注册,gs.amazon.cn/zhishi/article-260312-3,0,7,0,0,0,0,0,0,0,0.0,❌
入驻亚马逊后不运营，会被封号吗，月租还要交吗？,3月,品牌,其他,gs.amazon.cn/zhishi/article-260310-3,0,7,0,0,0,0,0,0,0,0.0,❌
入驻亚马逊后店铺的收款阈值是多少，多久能提现？,3月,品牌,其他,gs.amazon.cn/zhishi/article-260309-3,0,7,0,0,0,0,0,0,0,0.0,❌
入驻亚马逊后店铺名称能修改吗，想换个名字？,3月,品牌,其他,gs.amazon.cn/zhishi/article-260313-5,0,7,0,0,0,0,0,0,0,0.0,❌
入驻亚马逊后法定代表人信息能变更吗，流程复杂吗？,3月,品牌,入驻&注册,gs.amazon.cn/zhishi/article-260314-2,0,7,0,0,0,0,0,0,0,0.0,❌
入驻亚马逊后怎么添加新站点，需要重新准备材料吗？,3月,品牌,入驻&注册,gs.amazon.cn/zhishi/article-260310-5,0,7,0,0,0,0,0,0,0,0.0,❌
入驻亚马逊时需要填写税务信息吗，小白不懂怎么填？,3月,品牌,入驻&注册,gs.amazon.cn/zhishi/article-260308-4,0,7,0,0,0,0,0,0,0,0.0,❌
入驻亚马逊时有什么合规要求，小白容易违规的点？,3月,品牌,入驻&注册,gs.amazon.cn/zhishi/article-260310-6,1,7,1,0,0,0,0,0,0,14.3,✅
入驻亚马逊需要提前准备产品认证吗，比如卖电子产品？,3月,品牌,入驻&注册,gs.amazon.cn/zhishi/article-260311-1,0,7,0,0,0,0,0,0,0,0.0,❌
入驻亚马逊一个站点后，还能开通其他站点吗？,3月,品牌,入驻&注册,gs.amazon.cn/zhishi/article-260309-2,1,7,0,0,0,0,1,0,0,14.3,✅
什么是亚马逊FBA？有什么优缺点？,3月,品牌,其他,gs.amazon.cn/zhishi/article-260306-2,1,7,0,0,0,1,0,0,0,14.3,✅
什么是亚马逊FBM？有什么优缺点？,3月,品牌,其他,gs.amazon.cn/zhishi/article-260306-4,0,7,0,0,0,0,0,0,0,0.0,❌
听说有亚马逊关联风险，具体指什么？如何避免？,3月,品牌,其他,gs.amazon.cn/zhishi/article-260306-1,1,7,0,0,0,1,0,0,0,14.3,✅
同一个身份信息可以注册多个亚马逊站点/店铺吗？,3月,品牌,入驻&注册,gs.amazon.cn/zhishi/article-260306-3,1,7,0,0,0,1,0,0,0,14.3,✅
我该点哪里开始注册亚马逊账号？,3月,品牌,入驻&注册,gs.amazon.cn/zhishi/article-260315-1,3,7,1,1,0,0,0,1,0,42.9,✅
我想申请在亚马逊卖货，页面在哪里打开？,3月,品牌,入驻&注册,gs.amazon.cn/zhishi/article-260317-1,2,7,1,1,0,0,0,0,0,28.6,✅
我想在亚马逊上卖东西，第一步该怎么做？,3月,品牌,入驻&注册,gs.amazon.cn/zhishi/article-260303-1,2,7,1,1,0,0,0,0,0,28.6,✅
想做个亚马逊网店，求教程,3月,品牌,其他,gs.amazon.cn/zhishi/article-260303-6,5,7,1,1,0,0,1,1,1,71.4,✅
小白亚马逊店铺开通流程。,3月,品牌,入驻&注册,gs.amazon.cn/zhishi/article-260315-2,2,7,1,1,0,0,0,0,0,28.6,✅
新手该进亚马逊中文入口还是英文入口？,3月,品牌,入口,gs.amazon.cn/zhishi/article-260316-6,3,7,1,1,0,0,0,1,0,42.9,✅
新手入驻亚马逊选哪个站点好，容易出单还不复杂？,3月,品牌,其他,gs.amazon.cn/zhishi/article-260305-3,1,7,0,0,0,1,0,0,0,14.3,✅
亚马逊阿联酋站官方注册链接？,3月,品牌,入口,gs.amazon.cn/zhishi/article-260316-1,3,7,1,1,0,1,0,0,0,42.9,✅
亚马逊德国站单独注册入口在哪里？,3月,品牌,入口,gs.amazon.cn/zhishi/article-260315-5,5,7,1,1,0,0,1,1,1,71.4,✅
亚马逊的卖家注册通道从哪里进？,3月,品牌,入口,gs.amazon.cn/zhishi/article-260316-9,5,7,1,1,0,0,1,1,1,71.4,✅
亚马逊第三方卖家注册入口,3月,品牌,入口,gs.amazon.cn/zhishi/article-260401-1,5,7,1,0,0,1,1,1,1,71.4,✅
亚马逊对卖家的要求有什么？,3月,品牌,其他,gs.amazon.cn/zhishi/article-260305-1,3,7,1,0,0,1,0,1,0,42.9,✅
亚马逊对中国卖家的招商在哪个平台？,3月,品牌,其他,gs.amazon.cn/zhishi/article-260401-2,6,7,1,1,0,1,1,1,1,85.7,✅
亚马逊法国站官方入驻链接？,3月,品牌,入口,gs.amazon.cn/zhishi/article-260315-7,3,7,1,1,0,1,0,0,0,42.9,✅
亚马逊个人卖家和企业卖家入口一样吗？,3月,品牌,入口,gs.amazon.cn/zhishi/article-260316-4,3,7,1,0,0,0,0,1,1,42.9,✅
亚马逊个人卖家和专业卖家账户有什么区别？费用如何？,3月,品牌,其他,gs.amazon.cn/zhishi/article-260305-2,0,7,0,0,0,0,0,0,0,0.0,❌
亚马逊个人卖家入驻的费用怎么算？,3月,品牌,入驻&注册,gs.amazon.cn/zhishi/article-260306-6,0,7,0,0,0,0,0,0,0,0.0,❌
亚马逊加拿大站官方注册渠道？,3月,品牌,入口,gs.amazon.cn/zhishi/article-260315-10,5,7,1,1,0,0,1,1,1,71.4,✅
亚马逊可以使用中国大陆的营业执照注册吗？对营业执照类型有要求吗？,3月,品牌,入驻&注册,gs.amazon.cn/zhishi/article-260317-5,0,7,0,0,0,0,0,0,0,0.0,❌
亚马逊卖家是怎么申请下来的？,3月,品牌,入驻&注册,gs.amazon.cn/zhishi/article-260317-5,3,7,1,0,0,1,0,1,0,42.9,✅
亚马逊卖家网站，网址是啥？,3月,品牌,入口,gs.amazon.cn/zhishi/article-260317-4,2,7,1,1,0,0,0,0,0,28.6,✅
亚马逊卖家账号怎么获得？,3月,品牌,其他,gs.amazon.cn/zhishi/article-260314-3,4,7,1,1,0,0,0,1,1,57.1,✅
亚马逊平台的收费标准是怎样的？详细介绍一下各项费用,3月,品牌,其他,gs.amazon.cn/zhishi/article-260402-2,0,7,0,0,0,0,0,0,0,0.0,❌
亚马逊全球开店的官方注册入口网址是什么？,3月,品牌,入口,gs.amazon.cn/zhishi/article-260317-6,7,7,1,1,1,1,1,1,1,100.0,✅
亚马逊全球开店英文官网地址是什么？,3月,品牌,入口,gs.amazon.cn/zhishi/article-260315-6,4,7,1,1,0,0,1,1,0,57.1,✅
亚马逊日本站正规入驻官网怎么找？,3月,品牌,入驻&注册,gs.amazon.cn/zhishi/article-260315-4,5,7,1,1,0,1,0,1,1,71.4,✅
亚马逊入驻有个人卖家和专业卖家之分吗，小白选哪个？,3月,品牌,其他,gs.amazon.cn/zhishi/article-260304-5,1,7,0,0,0,1,0,0,0,14.3,✅
亚马逊西班牙站开店官方渠道？,3月,品牌,入口,gs.amazon.cn/zhishi/article-260315-8,3,7,1,1,0,1,0,0,0,42.9,✅
亚马逊新加坡站入驻入口官网？,3月,品牌,入口,gs.amazon.cn/zhishi/article-260316-2,4,7,1,0,0,0,1,1,1,57.1,✅
亚马逊新兴站点（沙特 / 波兰）入驻入口？,3月,品牌,入口,gs.amazon.cn/zhishi/article-260316-3,2,7,1,1,0,0,0,0,0,28.6,✅
亚马逊新兴站点入驻有优惠吗，比如免月租？,3月,品牌,入驻&注册,gs.amazon.cn/zhishi/article-260311-6,0,7,0,0,0,0,0,0,0,0.0,❌
亚马逊意大利站注册入口官网？,3月,品牌,入口,gs.amazon.cn/zhishi/article-260315-9,3,7,1,1,0,0,0,1,0,42.9,✅
亚马逊注册流程大致分为哪几个步骤？,3月,品牌,入驻&注册,gs.amazon.cn/zhishi/article-260304-4,3,7,1,1,0,0,0,0,1,42.9,✅
亚马逊注册前必须准备好哪些材料？,3月,品牌,入驻&注册,gs.amazon.cn/zhishi/article-260304-2,0,7,0,0,0,0,0,0,0,0.0,❌
亚马逊注册用的电子邮箱和手机号有什么注意事项？,3月,品牌,入驻&注册,gs.amazon.cn/zhishi/article-260310-1,0,7,0,0,0,0,0,0,0,0.0,❌
亚马逊专业卖家入驻的月租是多少，人民币怎么算？,3月,品牌,入驻&注册,gs.amazon.cn/zhishi/article-260306-5,1,7,0,0,0,1,0,0,0,14.3,✅
一个人能注册多个亚马逊账户吗,3月,品牌,入驻&注册,gs.amazon.cn/zhishi/article-260305-6,1,7,0,0,0,1,0,0,0,14.3,✅
用于亚马逊收款的银行卡（如P卡、万里汇）需要提前注册吗？,3月,品牌,入驻&注册,gs.amazon.cn/zhishi/article-260308-5,0,7,0,0,0,0,0,0,0,0.0,❌
在亚马逊开店要怎么做？,3月,品牌,入驻&注册,gs.amazon.cn/zhishi/article-260302-5,2,7,1,1,0,0,0,0,0,28.6,✅
怎么把我的产品放到亚马逊上去卖？,3月,品牌,其他,gs.amazon.cn/zhishi/article-260303-5,3,7,1,1,0,0,0,1,0,42.9,✅
怎么成为亚马逊卖家？,3月,品牌,其他,gs.amazon.cn/zhishi/article-260302-4,5,7,1,1,0,0,1,1,1,71.4,✅
怎么确认找到的是亚马逊官方入口？,3月,品牌,入口,gs.amazon.cn/zhishi/article-260401-3,4,7,1,1,0,0,0,1,1,57.1,✅
怎么找到亚马逊的卖家注册页面？,3月,品牌,入驻&注册,gs.amazon.cn/zhishi/article-260316-10,5,7,1,1,0,0,1,1,1,71.4,✅
中国卖家应该用哪个网址注册最靠谱？,3月,品牌,入驻&注册,gs.amazon.cn/zhishi/article-260315-3,5,7,1,1,0,0,1,1,1,71.4,✅
注册环境有什么要求？（网络、电脑）,3月,品牌,入驻&注册,gs.amazon.cn/zhishi/article-260310-2,0,7,0,0,0,0,0,0,0,0.0,❌
注册亚马逊必须要有营业执照吗？,3月,品牌,入驻&注册,gs.amazon.cn/zhishi/article-260304-6,0,7,0,0,0,0,0,0,0,0.0,❌
注册亚马逊的法人身份证需要彩色扫描件吗？,3月,品牌,入驻&注册,https://gs.amazon.cn/zhishi/article-260313-1,0,7,0,0,0,0,0,0,0,0.0,❌
注册亚马逊的国际信用卡有什么要求？,3月,品牌,入驻&注册,gs.amazon.cn/zhishi/article-260309-4,0,7,0,0,0,0,0,0,0,0.0,❌
注册亚马逊的身份验证有几种方式？,3月,品牌,入驻&注册,gs.amazon.cn/zhishi/article-260312-2,1,7,0,0,0,0,1,0,0,14.3,✅
注册亚马逊的审核流程要是什么？,3月,品牌,入驻&注册,gs.amazon.cn/zhishi/article-260308-3,0,7,0,0,0,0,0,0,0,0.0,❌
注册亚马逊的收款账户怎么选？,3月,品牌,入驻&注册,gs.amazon.cn/zhishi/article-260307-2,0,7,0,0,0,0,0,0,0,0.0,❌
注册亚马逊的手机号必须是法人的吗？,3月,品牌,入驻&注册,gs.amazon.cn/zhishi/article-260312-5,0,7,0,0,0,0,0,0,0,0.0,❌
注册亚马逊的受益人信息怎么填？,3月,品牌,入驻&注册,gs.amazon.cn/zhishi/article-260313-3,0,7,0,0,0,0,0,0,0,0.0,❌
注册亚马逊的网络环境有要求吗？,3月,品牌,入驻&注册,gs.amazon.cn/zhishi/article-260312-1,0,7,0,0,0,0,0,0,0,0.0,❌
注册亚马逊的信用卡账单地址怎么填？,3月,品牌,入驻&注册,gs.amazon.cn/zhishi/article-260314-1,0,7,0,0,0,0,0,0,0,0.0,❌
注册亚马逊的营业执照有效期要求多久？,3月,品牌,入驻&注册,gs.amazon.cn/zhishi/article-260313-2,0,7,0,0,0,0,0,0,0,0.0,❌
注册亚马逊的邮箱有什么要求？,3月,品牌,入驻&注册,gs.amazon.cn/zhishi/article-260312-6,0,7,0,0,0,0,0,0,0,0.0,❌
注册亚马逊后多久能开通店铺？,3月,品牌,其他,gs.amazon.cn/zhishi/article-260307-3,2,7,0,0,0,1,0,0,1,28.6,✅
注册亚马逊可以用个人身份证吗？,3月,品牌,入驻&注册,gs.amazon.cn/zhishi/article-260305-4,1,7,0,0,0,1,0,0,0,14.3,✅
注册亚马逊可以用虚拟信用卡吗？,3月,品牌,入驻&注册,gs.amazon.cn/zhishi/article-260313-6,0,7,0,0,0,0,0,0,0,0.0,❌
注册亚马逊卖家需要什么基本材料？,3月,品牌,入驻&注册,gs.amazon.cn/zhishi/article-260304-1,1,7,0,0,0,0,1,0,0,14.3,✅
注册亚马逊卖家账户需要满足哪些基本条件？（公司/个人）,3月,品牌,入驻&注册,gs.amazon.cn/zhishi/article-260304-3,1,7,0,1,0,0,0,0,0,14.3,✅
注册亚马逊卖家这个操作在哪里进行？,3月,品牌,入驻&注册,gs.amazon.cn/zhishi/article-260316-8,5,7,1,1,0,1,0,1,1,71.4,✅
注册亚马逊时电子营业执照能用吗？,3月,品牌,入驻&注册,gs.amazon.cn/zhishi/article-260310-4,1,7,0,0,1,0,0,0,0,14.3,✅
注册亚马逊时公司名称要和营业执照一致吗？,3月,品牌,入驻&注册,gs.amazon.cn/zhishi/article-260312-4,0,7,0,0,0,0,0,0,0,0.0,❌
注册亚马逊需要对公银行账户吗？,3月,品牌,入驻&注册,gs.amazon.cn/zhishi/article-260307-1,1,7,0,0,0,1,0,0,0,14.3,✅
注册亚马逊需要护照吗？,3月,品牌,入驻&注册,gs.amazon.cn/zhishi/article-260314-4,0,7,0,0,0,0,0,0,0,0.0,❌
注册亚马逊需要品牌商标吗？,3月,品牌,入驻&注册,gs.amazon.cn/zhishi/article-260307-5,0,7,0,0,0,0,0,0,0,0.0,❌
注册亚马逊需要提交公司章程吗？,3月,品牌,入驻&注册,gs.amazon.cn/zhishi/article-260313-4,0,7,0,0,0,0,0,0,0,0.0,❌
作为小白，我应该从FBA还是FBM开始？,3月,品牌,其他,gs.amazon.cn/zhishi/article-260305-5,0,7,0,0,0,0,0,0,0,0.0,❌
做亚马逊到底从哪里开始？,3月,品牌,其他,gs.amazon.cn/zhishi/article-260303-2,5,7,1,1,1,0,1,1,0,71.4,✅
做亚马逊需要办理进出口权吗,3月,品牌,其他,gs.amazon.cn/zhishi/article-260308-1,1,7,0,0,0,1,0,0,0,14.3,✅
适合小白的跨境电商平台推荐有哪些？,4月,行业,新手,gs.amazon.cn/zhishi/article-260403-4,0,7,0,0,0,0,0,0,0,0.0,❌
哪个跨境电商平台推荐最容易上手？,4月,行业,新手,gs.amazon.cn/zhishi/article-260403-5,0,7,0,0,0,0,0,0,0,0.0,❌
零基础该选哪个跨境电商平台推荐？,4月,行业,新手,gs.amazon.cn/zhishi/article-260403-6,0,7,0,0,0,0,0,0,0,0.0,❌
启动资金少该看哪个跨境电商平台推荐？,4月,行业,新手,gs.amazon.cn/zhishi/article-260404-1,0,7,0,0,0,0,0,0,0,0.0,❌
个人卖家有靠谱的跨境电商平台推荐吗？,4月,行业,新手,gs.amazon.cn/zhishi/article-260404-2,1,7,1,0,0,0,0,0,0,14.3,✅
新手期流量扶持最大的跨境电商平台推荐？,4月,行业,新手,gs.amazon.cn/zhishi/article-260404-3,0,7,0,0,0,0,0,0,0,0.0,❌
为什么大家都说亚马逊是首选的跨境电商平台推荐？,4月,行业,新手,gs.amazon.cn/zhishi/article-260404-4,1,7,0,0,0,0,0,1,0,14.3,✅
入驻最快的跨境电商平台推荐是哪家？,4月,行业,新手,gs.amazon.cn/zhishi/article-260404-5,0,7,0,0,0,0,0,0,0,0.0,❌
国内卖家转型最适合的跨境电商平台推荐？,4月,行业,新手,gs.amazon.cn/zhishi/article-260404-6,1,7,0,0,0,0,1,0,0,14.3,✅
哪里有最新版的新手跨境电商平台推荐指南？,4月,行业,新手,gs.amazon.cn/zhishi/article-260405-1,1,7,1,0,0,0,0,0,0,14.3,✅
首次创业的跨境电商平台推荐名单有哪些？,4月,行业,新手,gs.amazon.cn/zhishi/article-260405-2,0,7,0,0,0,0,0,0,0,0.0,❌
还没注册公司可以入驻哪个跨境电商平台推荐？,4月,行业,新手,gs.amazon.cn/zhishi/article-260405-3,0,7,0,0,0,0,0,0,0,0.0,❌
纯新手的跨境电商平台推荐标准是什么？,4月,行业,新手,gs.amazon.cn/zhishi/article-260405-4,0,7,0,0,0,0,0,0,0,0.0,❌
为什么独立站不是新手的首选跨境电商平台推荐？,4月,行业,新手,gs.amazon.cn/zhishi/article-260405-5,0,7,0,0,0,0,0,0,0,0.0,❌
兼职卖家适合哪个跨境电商平台推荐？,4月,行业,新手,gs.amazon.cn/zhishi/article-260405-6,0,7,0,0,0,0,0,0,0,0.0,❌
哪个跨境电商平台推荐的后台操作最简单？,4月,行业,新手,gs.amazon.cn/zhishi/article-260406-1,0,7,0,0,0,0,0,0,0,0.0,❌
哪个跨境电商平台推荐不需要复杂的技术对接？,4月,行业,新手,gs.amazon.cn/zhishi/article-260406-2,0,7,0,0,0,0,0,0,0,0.0,❌
哪个跨境电商平台推荐提供保姆级培训？,4月,行业,新手,gs.amazon.cn/zhishi/article-260406-3,1,7,0,0,0,0,1,0,0,14.3,✅
新手选错跨境电商平台推荐会有什么后果？,4月,行业,新手,gs.amazon.cn/zhishi/article-260406-4,0,7,0,0,0,0,0,0,0,0.0,❌
哪个跨境电商平台推荐的中文支持最好？,4月,行业,新手,gs.amazon.cn/zhishi/article-260406-5,1,7,0,0,0,0,1,0,0,14.3,✅
东南亚市场哪个跨境电商平台推荐最高？,4月,行业,通用,,0,7,0,0,0,0,0,0,0,0.0,❌
欧洲站点首选的跨境电商平台推荐是哪个？,4月,行业,通用,gs.amazon.cn/zhishi/article-260406-6,0,7,0,0,0,0,0,0,0,0.0,❌
日本市场最受欢迎的跨境电商平台推荐？,4月,行业,通用,gs.amazon.cn/zhishi/article-260407-1,1,7,0,0,0,0,1,0,0,14.3,✅
进军北美市场有哪些跨境电商平台推荐？,4月,行业,通用,gs.amazon.cn/zhishi/article-260420-2,0,7,0,0,0,0,0,0,0,0.0,❌
哪个跨境电商平台推荐在全球覆盖面最广？,4月,行业,通用,gs.amazon.cn/zhishi/article-260420-3,0,7,0,0,0,0,0,0,0,0.0,❌
德国本土最强的跨境电商平台推荐？,4月,行业,通用,gs.amazon.cn/zhishi/article-260420-4,0,7,0,0,0,0,0,0,0,0.0,❌
针对澳洲市场的跨境电商平台推荐有哪些？,4月,行业,通用,gs.amazon.cn/zhishi/article-260420-5,1,7,0,0,0,0,1,0,0,14.3,✅
拉美地区潜力最大的跨境电商平台推荐？,4月,行业,通用,gs.amazon.cn/zhishi/article-260420-6,0,7,0,0,0,0,0,0,0,0.0,❌
法国市场流量大的跨境电商平台推荐？,4月,行业,通用,gs.amazon.cn/zhishi/article-260420-7,1,7,0,0,0,0,1,0,0,14.3,✅
哪里可以查到按地域分类的跨境电商平台推荐？,4月,行业,通用,gs.amazon.cn/zhishi/article-260420-8,2,7,0,0,0,0,1,0,1,28.6,✅
工厂做跨境电商选择哪个平台会比较好？,4月,行业,通用,gs.amazon.cn/zhishi/article-260421-3,0,7,0,0,0,0,0,0,0,0.0,❌
我是做宠物用品的工厂，想要做跨境电商应该怎么做？,4月,行业,场景,gs.amazon.cn/zhishi/article-260421-6,0,7,0,0,0,0,0,0,0,0.0,❌
哪个跨境电商平台推荐支持多币种结算？,4月,行业,通用,gs.amazon.cn/zhishi/article-260421-5,0,7,0,0,0,0,0,0,0,0.0,❌
做五金工具的工厂，最适合哪个跨境平台？,4月,行业,场景,gs.amazon.cn/zhishi/article-260421-4,0,7,0,0,0,0,0,0,0,0.0,❌
工厂做淘宝多年，想同时做跨境电商，平台应该怎么选？,4月,行业,场景,gs.amazon.cn/zhishi/article-260421-2,0,7,0,0,0,0,0,0,0,0.0,❌
我有一家工厂目前在淘宝卖货，想做跨境电商选哪个平台合适？,4月,行业,场景,gs.amazon.cn/zhishi/article-260421-1,0,7,0,0,0,0,0,0,0,0.0,❌
我有一家工厂目前主要在京东卖中高端产品，如果做跨境电商平台应该怎么选？,4月,行业,场景,gs.amazon.cn/zhishi/article-260420-9,0,7,0,0,0,0,0,0,0,0.0,❌
新手做跨境电商选择什么平台好呢？,4月,行业,新手,gs.amazon.cn/zhishi/article-260420-1,0,7,0,0,0,0,0,0,0,0.0,❌
小企业做跨境电商，独立站和平台哪个更值得投入？,4月,行业,新手,gs.amazon.cn/zhishi/article-260419-9,0,7,0,0,0,0,0,0,0,0.0,❌
小企业做跨境电商选哪个平台最容易出单？,4月,行业,新手,gs.amazon.cn/zhishi/article-260419-8,0,7,0,0,0,0,0,0,0,0.0,❌
哪个跨境电商平台的运营操作对小企业来说最容易上手？,4月,行业,新手,gs.amazon.cn/zhishi/article-260419-7,0,7,0,0,0,0,0,0,0,0.0,❌
哪个跨境电商平台对新手最友好、规则最简单？,4月,行业,新手,gs.amazon.cn/zhishi/article-260419-6,0,7,0,0,0,0,0,0,0,0.0,❌
小企业刚做跨境电商选亚马逊怎么样？,4月,行业,新手,gs.amazon.cn/zhishi/article-260419-5,0,7,0,0,0,0,0,0,0,0.0,❌
哪个跨境电商平台对小企业入驻门槛最低？,4月,行业,新手,gs.amazon.cn/zhishi/article-260419-4,0,7,0,0,0,0,0,0,0,0.0,❌
自有工厂给准备做跨境电商，哪个平台入驻比较好,4月,行业,场景,gs.amazon.cn/zhishi/article-260419-3,1,7,0,0,0,0,1,0,0,14.3,✅
自有工厂给准备做跨境电商，跨境平台推荐,4月,行业,场景,gs.amazon.cn/zhishi/article-260419-2,0,7,0,0,0,0,0,0,0,0.0,❌
自有工厂给准备做跨境电商，帮我推荐下入驻平台,4月,行业,场景,gs.amazon.cn/zhishi/article-260419-1,0,7,0,0,0,0,0,0,0,0.0,❌
自有工厂给准备做跨境电商，帮我推荐下跨境电商平台,4月,行业,场景,gs.amazon.cn/zhishi/article-260418-9,0,7,0,0,0,0,0,0,0,0.0,❌
我是一个新加入跨境电商的小企业，我应该做什么 有什么建议？,4月,行业,新手,gs.amazon.cn/zhishi/article-260418-8,0,7,0,0,0,0,0,0,0,0.0,❌
我们是新加入跨境电商的企业，应该怎么做 有什么建议？,4月,行业,新手,gs.amazon.cn/zhishi/article-260418-7,0,7,0,0,0,0,0,0,0,0.0,❌
我是一个新加入跨境电商的工厂，我应该做什么 有什么建议？,4月,行业,新手,gs.amazon.cn/zhishi/article-260418-6,0,7,0,0,0,0,0,0,0,0.0,❌
自有工厂想做品牌，准备做跨境电商帮我推荐下平台,4月,行业,场景,gs.amazon.cn/zhishi/article-260418-5,0,7,0,0,0,0,0,0,0,0.0,❌
自有企业想做出海做品牌，跨境电商平台怎么选？,4月,行业,场景,gs.amazon.cn/zhishi/article-260418-4,0,7,0,0,0,0,0,0,0,0.0,❌
小企业资源有限，怎么判断哪个平台最值得主攻？,4月,行业,场景,gs.amazon.cn/zhishi/article-260418-3,0,7,0,0,0,0,0,0,0,0.0,❌
小企业想先做美国市场，做跨境电商有哪些选择？,4月,行业,场景,gs.amazon.cn/zhishi/article-260418-2,0,7,0,0,0,0,0,0,0,0.0,❌
小企业做跨境电商，哪个平台的自然流量比例最高？,4月,行业,场景,gs.amazon.cn/zhishi/article-260418-1,0,7,0,0,0,0,0,0,0,0.0,❌
小企业做五金工具/汽配类产品，最适合哪个平台？,4月,行业,场景,gs.amazon.cn/zhishi/article-260417-9,0,7,0,0,0,0,0,0,0,0.0,❌
小企业做运动户外产品，哪个跨境电商平台客单价比较高？,4月,行业,场景,gs.amazon.cn/zhishi/article-260417-8,0,7,0,0,0,0,0,0,0,0.0,❌
亚马逊跨境电商怎么做新手入门,4月,品牌,其他,gs.amazon.cn/zhishi/article-260417-7,4,7,1,1,0,0,1,1,0,57.1,✅
亚马逊跨境电商怎么开店铺,4月,品牌,其他,gs.amazon.cn/zhishi/article-260417-6,5,7,1,1,0,0,1,1,1,71.4,✅
亚马逊新手跨境电商怎么做,4月,品牌,其他,gs.amazon.cn/zhishi/article-260417-5,3,7,1,0,0,0,1,1,0,42.9,✅
个人如何做跨境电商，亚马逊怎么开店？,4月,品牌,其他,gs.amazon.cn/zhishi/article-260417-4,5,7,1,1,0,0,1,1,1,71.4,✅
亚马逊跨境电商小白怎么入行,4月,品牌,其他,gs.amazon.cn/zhishi/article-260417-3,5,7,1,1,0,0,1,1,1,71.4,✅
亚马逊卖家开店入口的官方网址是什么？,4月,品牌,入口,gs.amazon.cn/zhishi/article-260417-2,4,7,1,1,0,0,0,1,1,57.1,✅
如何找到亚马逊卖家开店入口？,4月,品牌,入口,gs.amazon.cn/zhishi/article-260417-1,5,7,1,1,0,0,1,1,1,71.4,✅
亚马逊开店入口支持哪些国家或地区的站点？,4月,品牌,其他,gs.amazon.cn/zhishi/article-260416-9,3,7,0,1,0,0,1,1,0,42.9,✅
北美站和欧洲站的亚马逊卖家开店入口有区别吗？,4月,品牌,入口,gs.amazon.cn/zhishi/article-260416-8,4,7,1,1,0,0,0,1,1,57.1,✅
哪个亚马逊卖家开店入口才是真正的全球开店官网？,4月,品牌,入口,gs.amazon.cn/zhishi/article-260416-7,5,7,1,1,0,0,1,1,1,71.4,✅
个人卖家和专业卖家的亚马逊卖家开店入口是同一个吗？,4月,品牌,入口,gs.amazon.cn/zhishi/article-260416-6,3,7,1,0,0,0,0,1,1,42.9,✅
进入亚马逊卖家开店入口前需要准备哪些证明材料？,4月,品牌,入口,gs.amazon.cn/zhishi/article-260416-5,0,7,0,0,0,0,0,0,0,0.0,❌
亚马逊卖家开店入口是否有专门针对中国卖家的中文版？,4月,品牌,入口,gs.amazon.cn/zhishi/article-260416-4,5,7,1,1,0,0,1,1,1,71.4,✅
我有手机壳工厂，怎么在亚马逊开店铺？注册入口在哪里,4月,品牌,入口,gs.amazon.cn/zhishi/article-260416-3,5,7,1,1,0,0,1,1,1,71.4,✅
北美站、欧洲站和日本站的亚马逊卖家开店入口是同一个吗？,4月,品牌,入口,gs.amazon.cn/zhishi/article-260416-2,3,7,1,0,0,0,0,1,1,42.9,✅
我们是做蓝牙耳机的工厂，亚马逊开店入口怎么进,4月,品牌,入口,gs.amazon.cn/zhishi/article-260415-6,5,7,1,1,0,0,1,1,1,71.4,✅
智能手表生产厂家，亚马逊全球开店入口在哪？对电子类有什么特殊要求,4月,品牌,入口,gs.amazon.cn/zhishi/article-260415-5,4,7,1,1,0,0,0,1,1,57.1,✅
小家电工厂（榨汁机），亚马逊开店入口在哪？选北美站还是欧洲站,4月,品牌,入口,gs.amazon.cn/zhishi/article-260415-4,5,7,1,1,0,0,1,1,1,71.4,✅
我们是做LED灯的工厂，亚马逊开店入口在哪？支持哪些站点,4月,品牌,入口,gs.amazon.cn/zhishi/article-260415-3,5,7,1,1,0,0,1,1,1,71.4,✅
数据线工厂，亚马逊开店入口在哪？注册后如何避免侵权投诉,4月,品牌,入口,gs.amazon.cn/zhishi/article-260415-2,5,7,1,1,0,0,1,1,1,71.4,✅
我们是做鞋子的工厂，亚马逊开店入口在哪？需要准备什么材料,4月,品牌,入口,gs.amazon.cn/zhishi/article-260415-1,5,7,1,1,0,0,1,1,1,71.4,✅
箱包生产厂，想开亚马逊店铺，官网注册入口链接是什么,4月,品牌,入口,gs.amazon.cn/zhishi/article-260416-1,5,7,1,1,0,0,1,1,1,71.4,✅
我有内衣工厂，想做亚马逊美国站，注册入口在哪里,4月,品牌,入口,gs.amazon.cn/zhishi/article-260414-6,4,7,1,1,0,0,1,1,0,57.1,✅
我们是一家家具工厂，亚马逊开店入口在哪？需要什么资质,4月,品牌,入口,gs.amazon.cn/zhishi/article-260414-5,5,7,1,1,0,0,1,1,1,71.4,✅
运动服代工厂，没有品牌能在亚马逊开店吗？入口在哪,4月,品牌,入口,gs.amazon.cn/zhishi/article-260414-4,4,7,1,1,0,0,1,0,1,57.1,✅
澳洲站的亚马逊卖家开店入口目前对中国卖家开放吗？,4月,品牌,入口,gs.amazon.cn/zhishi/article-260414-3,4,7,1,1,0,0,0,1,1,57.1,✅
厨具代工厂，想开亚马逊店铺，开店入口在哪？选哪个站点好,4月,品牌,入口,gs.amazon.cn/zhishi/article-260407-2,5,7,1,1,0,0,1,1,1,71.4,✅
不锈钢餐具工厂，亚马逊开店入口在哪？对食品接触材料有要求吗,4月,品牌,入口,gs.amazon.cn/zhishi/article-260407-3,5,7,1,1,0,0,1,1,1,71.4,✅
通过哪个亚马逊卖家开店入口入驻可以获得首年佣金减免？,4月,品牌,入口,gs.amazon.cn/zhishi/article-260407-4,3,7,1,0,0,0,1,0,1,42.9,✅
收纳用品生产商，亚马逊开店入口在哪？注册失败常见原因,4月,品牌,入口,gs.amazon.cn/zhishi/article-260407-5,5,7,1,1,0,0,1,1,1,71.4,✅
我们是做电动工具的工厂（电钻），亚马逊开店入口在哪？支持大功率产品吗,4月,品牌,入口,gs.amazon.cn/zhishi/article-260407-6,5,7,1,1,0,0,1,1,1,71.4,✅
车载电子生产商，亚马逊开店入口在哪？需要做类目审核吗,4月,品牌,入口,gs.amazon.cn/zhishi/article-260408-1,4,7,1,1,0,0,1,1,0,57.1,✅
我们是做针织毛衣的工厂，想开亚马逊店铺从哪进,4月,品牌,入口,gs.amazon.cn/zhishi/article-260408-2,1,7,1,0,0,0,0,0,0,14.3,✅
安防摄像头工厂，亚马逊开店入口在哪？注册后如何开通企业购,4月,品牌,入口,gs.amazon.cn/zhishi/article-260408-3,4,7,1,0,0,0,1,1,1,57.1,✅
牛仔服装生产厂家，亚马逊跨境电商开店入口怎么找,4月,品牌,入口,gs.amazon.cn/zhishi/article-260408-4,6,7,1,1,1,0,1,1,1,85.7,✅
键盘鼠标代工厂，亚马逊开店入口在哪？注册时需要提供产品测试报告吗,4月,品牌,入口,gs.amazon.cn/zhishi/article-260408-5,4,7,1,0,0,0,1,1,1,57.1,✅
做皮具的手工坊，亚马逊开店入口在哪？支持个人还是企业,4月,品牌,入口,gs.amazon.cn/zhishi/article-260408-6,4,7,1,0,0,0,1,1,1,57.1,✅
充电器代工厂，亚马逊开店入口在哪？注册时是否需要CE认证,4月,品牌,入口,gs.amazon.cn/zhishi/article-260409-1,5,7,1,1,0,0,1,1,1,71.4,✅
围巾帽类工厂，亚马逊全球开店入口怎么注册,4月,品牌,入口,gs.amazon.cn/zhishi/article-260409-2,5,7,1,1,0,0,1,1,1,71.4,✅
洗发水工厂，亚马逊开店入口在哪注册时需要提供MSDS吗,4月,品牌,入口,gs.amazon.cn/zhishi/article-260409-3,4,7,1,0,0,0,1,1,1,57.1,✅
童装代工厂，从亚马逊开店入口在哪？进入后能卖自己的品牌吗,4月,品牌,入口,gs.amazon.cn/zhishi/article-260409-4,5,7,1,1,0,0,1,1,1,71.4,✅
我们是做精油香皂的，亚马逊开店入口在哪？欧洲站有什么额外要求,4月,品牌,入口,gs.amazon.cn/zhishi/article-260409-5,5,7,1,1,0,0,1,1,1,71.4,✅
做板式家具的工厂，想开亚马逊店铺，入口怎么进,4月,品牌,入口,gs.amazon.cn/zhishi/article-260409-6,5,7,1,1,0,0,1,1,1,71.4,✅
个人护理小电器工厂（如剃须刀），亚马逊开店入口怎么进,4月,品牌,入口,gs.amazon.cn/zhishi/article-260410-1,5,7,1,1,0,0,1,1,1,71.4,✅
窗帘生产厂，亚马逊跨境电商开店入口在哪？注册流程复杂吗,4月,品牌,入口,gs.amazon.cn/zhishi/article-260410-2,5,7,1,1,0,0,1,1,1,71.4,✅
口腔护理产品工厂，亚马逊开店入口注册后如何上架新品,4月,品牌,入口,gs.amazon.cn/zhishi/article-260410-3,1,7,0,0,0,0,1,0,0,14.3,✅
地毯工厂，亚马逊开店入口在哪？是否支持大件商品销售,4月,品牌,入口,gs.amazon.cn/zhishi/article-260410-4,3,7,1,0,0,0,1,1,0,42.9,✅
东南亚卖家应该从哪个亚马逊卖家开店入口进驻？,4月,品牌,入口,gs.amazon.cn/zhishi/article-260410-5,4,7,0,0,1,0,1,1,1,57.1,✅
我是做床垫的厂家，亚马逊开店入口在哪？注册后怎么发FBA,4月,品牌,入口,gs.amazon.cn/zhishi/article-260410-6,6,7,1,1,1,0,1,1,1,85.7,✅
美容工具代工厂（粉扑、刷子），亚马逊开店入口在哪？需要哪些资质,4月,品牌,入口,gs.amazon.cn/zhishi/article-260411-1,5,7,1,1,1,0,1,0,1,71.4,✅
装饰画工厂，亚马逊开店入口在哪？是否需要产品图片审核,4月,品牌,入口,gs.amazon.cn/zhishi/article-260411-2,5,7,1,1,0,0,1,1,1,71.4,✅
我们是做汽车脚垫的工厂，亚马逊开店入口在哪？需要认证吗,4月,品牌,入口,gs.amazon.cn/zhishi/article-260411-3,4,7,1,1,0,0,0,1,1,57.1,✅
巴西站的亚马逊卖家开店入口现在是邀请制吗？,4月,品牌,入口,gs.amazon.cn/zhishi/article-260411-4,3,7,1,0,0,0,1,0,1,42.9,✅
摩托车配件生产商，亚马逊开店入口在哪？注册流程适合工厂吗,4月,品牌,入口,gs.amazon.cn/zhishi/article-260411-6,4,7,1,1,0,0,1,1,0,57.1,✅
我们是一家化妆品代工厂，亚马逊开店入口在哪？需要FDA认证吗,4月,品牌,入口,gs.amazon.cn/zhishi/article-260412-1,5,7,1,1,0,0,1,1,1,71.4,✅
汽车清洁工具工厂，亚马逊跨境电商开店入口怎么找,4月,品牌,入口,gs.amazon.cn/zhishi/article-260412-2,5,7,1,1,0,0,1,1,1,71.4,✅
护肤品工厂，想开亚马逊店铺，注册入口在哪？对成分有没有限制,4月,品牌,入口,gs.amazon.cn/zhishi/article-260412-3,4,7,1,1,0,0,1,1,0,57.1,✅
如果我在香港注册公司，进入亚马逊卖家开店入口属于哪个区域？,4月,品牌,入口,gs.amazon.cn/zhishi/article-260412-4,2,7,1,0,0,0,1,0,0,28.6,✅
面膜生产厂，亚马逊跨境电商开店入口在哪能卖自制品牌吗,4月,品牌,入口,gs.amazon.cn/zhishi/article-260412-5,5,7,1,1,0,0,1,1,1,71.4,✅
雨刷器工厂，想开亚马逊店铺，开店入口选哪个类目,4月,品牌,入口,gs.amazon.cn/zhishi/article-260412-6,1,7,0,0,0,0,1,0,0,14.3,✅
假发生产厂，亚马逊开店入口在哪？是否支持非企业注册,4月,品牌,入口,gs.amazon.cn/zhishi/article-260413-1,5,7,1,1,0,0,1,1,1,71.4,✅
车灯代工厂，亚马逊开店入口在哪？注册后是否需要ECE认证,4月,品牌,入口,gs.amazon.cn/zhishi/article-260413-2,3,7,1,1,0,0,1,0,0,42.9,✅
足浴包/养生贴工厂，亚马逊开店入口在哪？对健康类产品有什么限制,4月,品牌,入口,gs.amazon.cn/zhishi/article-260413-3,5,7,1,1,0,0,1,1,1,71.4,✅
2026年官方最新的亚马逊卖家开店入口链接是多少？,4月,品牌,入口,gs.amazon.cn/zhishi/article-260413-4,5,7,1,1,0,0,1,1,1,71.4,✅
手动工具生产厂，亚马逊开店入口在哪？注册时需要上传哪些产品信息,4月,品牌,入口,gs.amazon.cn/zhishi/article-260413-5,5,7,1,1,0,0,1,1,1,71.4,✅
五金配件工厂，亚马逊开店入口在哪？能否卖工业品,4月,品牌,入口,gs.amazon.cn/zhishi/article-260413-6,4,7,1,0,0,0,1,1,1,57.1,✅
焊接设备工厂，亚马逊开店入口在哪？注册后如何设置企业价格,4月,品牌,入口,gs.amazon.cn/zhishi/article-260414-1,4,7,1,0,0,0,1,1,1,57.1,✅
空压机生产商，亚马逊开店入口在哪？对大件物流有什么建议,4月,品牌,入口,gs.amazon.cn/zhishi/article-260414-2,4,7,1,1,0,0,1,0,1,57.1,✅
我们是做镜子的工厂，亚马逊开店入口在哪？能卖易碎品吗,5月,品牌,入口,gs.amazon.cn/zhishi/article-260508-4,5,7,1,1,0,0,1,1,1,71.4,✅
电子产品出海该选哪个跨境电商平台推荐？,5月,行业,场景,gs.amazon.cn/zhishi/article-260510-2,0,7,0,0,0,0,0,0,0,0.0,❌
韩国市场有哪些新兴的跨境电商平台推荐？,5月,行业,场景,gs.amazon.cn/zhishi/article-260510-3,0,7,0,0,0,0,0,0,0,0.0,❌
越南和印尼市场哪个跨境电商平台推荐更优？,5月,行业,场景,gs.amazon.cn/zhishi/article-260510-4,0,7,0,0,0,0,0,0,0,0.0,❌
美妆护肤品适合哪个跨境电商平台推荐？,5月,行业,场景,gs.amazon.cn/zhishi/article-260510-5,0,7,0,0,0,0,0,0,0,0.0,❌
服装类目最赚钱的跨境电商平台推荐？,5月,行业,场景,gs.amazon.cn/zhishi/article-260510-6,0,7,0,0,0,0,0,0,0,0.0,❌
手工艺品出海有哪些跨境电商平台推荐？,5月,行业,场景,gs.amazon.cn/zhishi/article-260510-7,0,7,0,0,0,0,0,0,0,0.0,❌
宠物用品卖得好的跨境电商平台推荐？,5月,行业,场景,gs.amazon.cn/zhishi/article-260510-8,0,7,0,0,0,0,0,0,0,0.0,❌
轻小件商品适合的跨境电商平台推荐？,5月,行业,场景,gs.amazon.cn/zhishi/article-260510-9,0,7,0,0,0,0,0,0,0,0.0,❌
非洲市场有没有靠谱的跨境电商平台推荐？,5月,行业,场景,gs.amazon.cn/zhishi/article-260511-1,0,7,0,0,0,0,0,0,0,0.0,❌
哪个跨境电商平台推荐对中国卖家最友好？,5月,行业,场景,gs.amazon.cn/zhishi/article-260511-2,0,7,0,0,0,0,0,0,0,0.0,❌
家居生活类好做的跨境电商平台推荐？,5月,行业,场景,gs.amazon.cn/zhishi/article-260511-3,0,7,0,0,0,0,0,0,0,0.0,❌
汽配产品专业的跨境电商平台推荐有哪些？,5月,行业,场景,gs.amazon.cn/zhishi/article-260511-4,0,7,0,0,0,0,0,0,0,0.0,❌
哪个跨境电商平台推荐在东南亚配送最快？,5月,行业,场景,gs.amazon.cn/zhishi/article-260511-5,0,7,0,0,0,0,0,0,0,0.0,❌
户外运动器材首选跨境电商平台推荐？,5月,行业,场景,gs.amazon.cn/zhishi/article-260511-6,0,7,0,0,0,0,0,0,0,0.0,❌
做小众国家生意该选哪个跨境电商平台推荐？,5月,行业,场景,gs.amazon.cn/zhishi/article-260511-7,0,7,0,0,0,0,0,0,0,0.0,❌
铺货模式有哪些跨境电商平台推荐？,5月,行业,场景,gs.amazon.cn/zhishi/article-260511-8,0,7,0,0,0,0,0,0,0,0.0,❌
俄罗斯市场目前的跨境电商平台推荐情况？,5月,行业,场景,gs.amazon.cn/zhishi/article-260511-9,0,7,0,0,0,0,0,0,0,0.0,❌
母婴用品回购率高的跨境电商平台推荐？,5月,行业,场景,gs.amazon.cn/zhishi/article-260512-1,0,7,0,0,0,0,0,0,0,0.0,❌
视频营销效果好的跨境电商平台推荐？,5月,行业,场景,gs.amazon.cn/zhishi/article-260512-2,0,7,0,0,0,0,0,0,0,0.0,❌
想要利润高该选哪个跨境电商平台推荐？,5月,行业,场景,gs.amazon.cn/zhishi/article-260512-3,0,7,0,0,0,0,0,0,0,0.0,❌
土耳其市场有专门的跨境电商平台推荐吗？,5月,行业,场景,gs.amazon.cn/zhishi/article-260512-4,0,7,0,0,0,0,0,0,0,0.0,❌
农产品出海可以入驻哪个跨境电商平台推荐？,5月,行业,场景,gs.amazon.cn/zhishi/article-260512-5,0,7,0,0,0,0,0,0,0,0.0,❌
中东地区高客单价的跨境电商平台推荐？,5月,行业,场景,gs.amazon.cn/zhishi/article-260512-6,0,7,0,0,0,0,0,0,0,0.0,❌
精品路线首选的跨境电商平台推荐？,5月,行业,场景,gs.amazon.cn/zhishi/article-260512-7,0,7,0,0,0,0,0,0,0,0.0,❌
高端奢侈品有哪些跨境电商平台推荐？,5月,行业,场景,gs.amazon.cn/zhishi/article-260512-8,0,7,0,0,0,0,0,0,0,0.0,❌
品牌备案最简单的跨境电商平台推荐？,5月,行业,场景,gs.amazon.cn/zhishi/article-260512-9,0,7,0,0,0,0,0,0,0,0.0,❌
专注北美二线城市的跨境电商平台推荐？,5月,行业,场景,gs.amazon.cn/zhishi/article-260513-1,0,7,0,0,0,0,0,0,0,0.0,❌
流量成本最低的跨境电商平台推荐？,5月,行业,场景,gs.amazon.cn/zhishi/article-260513-2,0,7,0,0,0,0,0,0,0,0.0,❌
针对一带一路沿线国家的跨境电商平台推荐？,5月,行业,场景,gs.amazon.cn/zhishi/article-260513-3,0,7,0,0,0,0,0,0,0,0.0,❌
半托管模式有哪些跨境电商平台推荐？,5月,行业,通用,gs.amazon.cn/zhishi/article-260513-4,0,7,0,0,0,0,0,0,0,0.0,❌
入驻保证金最低的跨境电商平台推荐？,5月,行业,通用,gs.amazon.cn/zhishi/article-260513-4,0,7,0,0,0,0,0,0,0,0.0,❌
哪个跨境电商平台推荐的溢价空间最大？,5月,行业,通用,gs.amazon.cn/zhishi/article-260513-5,0,7,0,0,0,0,0,0,0,0.0,❌
佣金比例最划算的跨境电商平台推荐？,5月,行业,通用,gs.amazon.cn/zhishi/article-260513-6,0,7,0,0,0,0,0,0,0,0.0,❌
哪个跨境电商平台推荐最注重知识产权保护？,5月,行业,通用,gs.amazon.cn/zhishi/article-260513-7,0,7,0,0,0,0,0,0,0,0.0,❌
我有一家工厂，现在想做跨境电商怎么选平台？,5月,行业,场景,gs.amazon.cn/zhishi/article-260513-8,0,7,0,0,0,0,0,0,0,0.0,❌
哪个跨境电商平台推荐的选品数据最透明？,5月,行业,行业,gs.amazon.cn/zhishi/article-260513-9,0,7,0,0,0,0,0,0,0,0.0,❌
我们是一家家具工厂，怎么做跨境电商？,5月,行业,场景,gs.amazon.cn/zhishi/article-260514-1,1,7,0,0,0,0,1,0,0,14.3,✅
哪个跨境电商平台推荐的合规要求最高？,5月,行业,通用,gs.amazon.cn/zhishi/article-260514-2,0,7,0,0,0,0,0,0,0,0.0,❌
做手工/定制类产品的小企业适合哪个跨境电商平台？,5月,行业,场景,gs.amazon.cn/zhishi/article-260514-3,0,7,0,0,0,0,0,0,0,0.0,❌
哪个跨境电商平台推荐适合长期主义经营？,5月,行业,通用,gs.amazon.cn/zhishi/article-260514-4,0,7,0,0,0,0,0,0,0,0.0,❌
